Paper_No,First_Author,Year,Cohort_Type,Cohort_subgroup,Repeated,Footwear,Number,Sex_Perc,Age,Height,Mass,BMI,Activity,Speed,System,FF_PP,FF_PP_SD,MFF_PP,MFF_PP_SD,Mid_FF_PP,Mid_FF_PP_SD,LFF_PP,LFF_PP_SD,MF_PP,MF_PP_SD,MMF_PP,MMF_PP_SD,LMF_PP,LMF_PP_SD,RF_PP,RF_PP_SD,MRF_PP,MRF_PP_SD,LRF_PP,LRF_PP_SD,HLX_PP,HLX_PP_SD,LT_PP,LT_PP_SD,M1_PP,M1_PP_SD,M2_PP,M2_PP_SD,M3_PP,M3_PP_SD,M4_PP,M4_PP_SD,M5_PP,M5_PP_SD
9,Cetin,2017,ACL_TEAR,,N,BF,40,15,27.25,1.74,71.08,23.42,Walking,SS,Emed,251.8,42.6,,,,,,,94.5,54.7,,,,,308.6,64.9,,,,,NA,NA,NA,NA,,,,,,,,,,
9,Cetin,2017,HEALTHY,,N,BF,40,25,24,1.74,69.58,22.86,Walking,SS,Emed,254.2,37.5,,,,,,,124.8,67.3,,,,,207.5,58.4,,,,,NA,NA,NA,NA,,,,,,,,,,
10,Neri,2017,HEALTHY,,N,BF,61,100,68.85,1.56,56.15,22.9,Walking,0.91,Emed,420.41,138.14,,,,,,,128.52,39.47,,,,,280.9,75.6,,,,,386.8,206.55,165.49,83.37,,,,,,,,,,
10,Neri,2017,HEALTHY,OVERWEIGHT,N,BF,88,100,67.53,1.56,67.2,27.43,Walking,0.84,Emed,487.95,213.38,,,,,,,165.74,58.42,,,,,294.66,118.41,,,,,451.65,223.31,176.93,93.19,,,,,,,,,,
10,Neri,2017,HEALTHY,OBESE,N,BF,62,100,67.79,1.57,81.74,33.34,Walking,0.81,Emed,498.15,177.08,,,,,,,187.26,54.24,,,,,287.26,79.31,,,,,412.74,229.13,199.76,115.33,,,,,,,,,,
16,Lee,2017,RA,NO_SURGERY,N,BF,128,NA,63.4,NA,NA,22.2,Walking,NA,F-Scan,,,,,,,,,,,,,,,,,,,,,,,,,,,,,,,,,,
16,Lee,2017,RA,SCHED_SURGERY,N,BF,46,NA,63.3,NA,NA,21.2,Walking,NA,F-Scan,,,,,,,,,,,,,,,,,,,,,,,,,,,,,,,,,,
17,Ma,2017,THUMB_RECON,CLASSIC,N,BF,21,NA,NA,NA,NA,NA,Walking,NA,NA,,,,,,,,,,,,,,,,,,,,,,,,,157.3,4.16,132.7,4.44,55.2,4.17,21.78,6.86,73.3,3.45
17,Ma,2017,THUMB_RECON,MODIFIED,N,BF,24,NA,NA,NA,NA,NA,Walking,NA,NA,,,,,,,,,,,,,,,,,,,,,,,,,256.9,4.46,66.6,4.42,28.1,4.13,15.1,5.14,56.3,5.54
18,Kanchanasamut,2017,DIABETES,PER_NEURO,N,BF,11,NA,64.8,NA,58.5,24.2,Walking,NA,FootScan,NA,NA,322.7,148.4,,,492.5,86.7,198.7,28.7,,,,,344.6,74.35,,,,,406.5,163.2,NA,NA,NA,NA,NA,NA,NA,NA,NA,NA,NA,NA
18,Kanchanasamut,2017,DIABETES,PER_NEURO,N,BF,10,NA,65.1,NA,61.1,25.3,Walking,NA,FootScan,NA,NA,299.5,166.75,,,369.9,116.4,185,64.1,,,,,366.9,144.2,,,,,322.5,141.9,NA,NA,NA,NA,NA,NA,NA,NA,NA,NA,NA,NA
22,Guven,2017,KOA,PRE,SURGERY,BF,47,85,68,NA,NA,31.1,Walking,SS,F-Scan,1503.2,309.8,NA,NA,,,NA,NA,169.1,75.6,,,,,400.6,119.6,,,,,NA,NA,NA,NA,NA,NA,NA,NA,NA,NA,NA,NA,NA,NA
22,Guven,2017,KOA,POST,SURGERY,BF,47,85,68,NA,NA,31.1,Walking,SS,F-Scan,1463.2,318.2,NA,NA,,,NA,NA,129.1,72.4,,,,,417.9,116.1,,,,,NA,NA,NA,NA,NA,NA,NA,NA,NA,NA,NA,NA,NA,NA
28,Giacomozzi,2017,HEALTHY,,N,BF,20,75,11.5,NA,NA,18.1,Walking,SS,Emed,,,494.6,156.6,,,287.3,107.1,65.1,24.4,,,,,,,395.5,110,363.8,111.2,,,,,,,,,,,,,,
28,Giacomozzi,2017,CLUBFOOT,,N,BF,20,35,11,NA,NA,19.5,Walking,SS,Emed,,,361.2,200.7,,,302,176.6,131,75.9,,,,,,,256.5,149.5,214.7,84.7,,,,,,,,,,,,,,
34,Mehlhorn,2017,LISFRANC,,N,BF,17,29,42,NA,NA,NA,Walking,NA,Emed,,,,,,,,,,,50,30,60,30,180,60,,,,,,,,,160,110,NA,NA,NA,NA,NA,NA,90,120
40,Merriwether,2017,DIABETES,,N,BF,28,,58,NA,NA,38,Walking,0.83,Emed,,,590,240,,,450,260,,,90,50,270,200,,,340,180,330,140,,,,,,,,,,,,,,
41,Said,2017,HEALTHY,NEUTRAL,N,BF,19,NA,70,1.51,52.9,24.56,Walking,SS,FootScan,917.6666667,593.3333333,,,,,,,51,63.7037037,,,,,428,342.2222222,,,,,37.33333333,66.66666667,54.33333333,95.55555556,156,191.8518519,189.3333333,177.037037,196,104.4444444,136.3333333,145.1851852,100.6666667,120.7407407
41,Said,2017,HEALTHY,PRONATED,N,BF,15,NA,67,1.52,59.1,27.53,Walking,SS,FootScan,535.6666667,304.4444444,,,,,,,35.66666667,31.11111111,,,,,274,177.7777778,,,,,25.66666667,44.44444444,21.33333333,20.74074074,104,107.4074074,103.6666667,81.48148148,90.33333333,66.66666667,53.66666667,55.55555556,25,22.96296296
41,Said,2017,HEALTHY,SUPINATED,N,BF,16,NA,69,1.53,59.65,25.61,Walking,SS,FootScan,888.5,608.1481481,,,,,,,35.66666667,31.11111111,,,,,317.6666667,165.2592593,,,,,52,31.11111111,37.23333333,39.11111111,189.3333333,191.1111111,151.1666667,120.7407407,193.7666667,200.962963,115.1666667,106.2962963,78.33333333,69.62962963
45,You,2016,STROKE,,N,BF,15,53,60.3,1.649,75.7,NA,Walking,SS,FDM-T,158,31,,,,,,,111,29,,,,,103,33,,,,,,,,,,,,,,,,,,
45,You,2016,STROKE,,N,BF,15,53,58.6,1.663,75.2,NA,Walking,SS,FDM-T,102,34,,,,,,,85,23,,,,,92,31,,,,,,,,,,,,,,,,,,
56,Rice,2016,HEALTHY,,N,BF,120,0,21.3,1.776,76.6,24.3,Running,3.6,FootScan,,,,,,,,,,,,,,,,,,,,,,,,,121.6,44.1,,,,,,,110,51.5
56,Rice,2016,ANKLE_SPRAIN,,N,BF,27,0,21.3,1.763,72.4,23.3,Running,3.6,FootScan,,,,,,,,,,,,,,,,,,,,,,,,,133.2,40,,,,,,,116.7,45.9
60,Nuesch,2016,HALLUX_RIGIDUS,,SURGERY,BF,10,30,62.1,,77.1,27,Walking,SS,Emed,,,,,,,,,127.986,57.054,,,,,497.295,54.741,,,,,85.581,30.84,59.367,26.214,158.826,38.55,154.2,29.298,161.91,26.214,121.047,21.588,66.306,19.275
60,Nuesch,2016,HALLUX_RIGIDUS,,SURGERY,BF,10,30,62.4,,73.4,25.4,Walking,SS,Emed,,,,,,,,,124.046,41.104,,,,,512.332,31.562,,,,,113.036,20.552,47.71,20.552,201.85,66.794,176.894,11.01,190.84,22.02,146.8,30.094,85.878,22.754
62,Wollesen,2017,HEALTHY,,SPEED,BF,41,100,72.3,1.62,71,NA,Walking,0.97,FDM-T,310,72,,,,,,,165,48,,,,,206,64,,,,,,,,,,,,,,,,,,
62,Wollesen,2017,HEALTHY,,SPEED,BF,41,100,72.3,1.62,71,NA,Walking,1.25,FDM-T,334,65,,,,,,,195,53,,,,,255,83,,,,,,,,,,,,,,,,,,
62,Wollesen,2017,HEALTHY,,SPEED,BF,17,0,72,1.72,81.7,NA,Walking,0.97,FDM-T,328,94,,,,,,,158,32,,,,,213,60,,,,,,,,,,,,,,,,,,
62,Wollesen,2017,HEALTHY,,SPEED,BF,17,0,72,1.72,81.7,NA,Walking,1.25,FDM-T,341,96,,,,,,,196,42,,,,,283.3,55,,,,,,,,,,,,,,,,,,
72,Stevens,2016,MTPJ_OA,,N,BF,8,75,59.4,1.682,78.1,27.1,Walking,1.18,FootScan,,,,,,,,,,,,,,,,,,,,,,,,,,,,,,,,,,
72,Stevens,2016,HEALTHY,,N,BF,12,25,43.1,1.796,75.3,23.3,Walking,1.17,FootScan,,,,,,,,,,,,,,,,,,,,,,,,,,,,,,,,,,
73,Colak,2016,TALAR_FX,,N,BF,19,21,33.3,NA,NA,NA,Walking,,Emed,629.6,299.3,,,,,,,180.3,72.6,,,,,191.1,86.8,,,,,,,,,,,,,,,,,,
82,Ozkan,2016,ACHILLES_RUP,POST-OP,N,BF,15,0,28.7,NA,NA,NA,Walking,SS,FootScan,117,17,,,,,,,,,,,,,149,16,,,,,,,,,,,,,,,,,,
103,Anbarian,2016,HEALTHY,LOW_ARCH,N,BF,21,43,22.6,1.747,69.9,NA,Running,3.3,FootScan,,,,,,,,,99.12,23.56,,,,,,,180,55.85,177.97,59.39,224.42,67.45,91.92,36.69,236.82,65,325.91,58.37,290.03,65.68,175.64,54.21,85.43,45.32
103,Anbarian,2016,HEALTHY,HIGH_ARCH,N,BF,21,38,22.76,1.784,67.7,NA,Running,3.3,FootScan,,,,,,,,,60,20.95,,,,,,,200.14,47.97,198.26,40.19,159.57,50.74,57.41,9.88,243.39,57.41,269.42,69.96,251.16,64.65,186.65,56.62,138.56,50.615
117,Cerrahoglu,2016,DIABETES,,N,BF,38,63,53.66,NA,NA,31.84,Walking,SS,FootScan,,,694.7,384.2,1302.6,510.7,498.9,389.6,315.2,190.7,,,,,1098.4,440.1,,,,,,,,,,,,,,,,,,
117,Cerrahoglu,2016,DIABETES,NEUROPATHY,N,BF,38,63,56.87,NA,NA,31.92,Walking,SS,FootScan,,,591,256.4,1356.3,427.4,725.2,317,430.5,254.7,,,,,1289.4,533.1,,,,,,,,,,,,,,,,,,
124,Wilkins,2016,PSA,DACTYLITIS,N,BF,12,8,36.7,1.8,90.9,NA,Walking,1.23,Emed,,,,,,,,,,,,,,,,,,,,,,,,,,,555.3,260.3,,,372.8,203.8,,
124,Wilkins,2016,PSA,NO DACTYLITIS,N,BF,12,67,45.3,1.7,81.3,NA,Walking,1.23,Emed,,,,,,,,,,,,,,,,,,,,,,,,,,,601.8,242.8,,,330.4,128.7,,
124,Wilkins,2016,HEALTHY,,N,BF,12,42,39.7,1.7,71.8,NA,Walking,1.47,Emed,,,,,,,,,,,,,,,,,,,,,,,,,,,633.6,305.5,,,314.5,104,,
125,Yick,2016,HEALTHY,,N,BF,10,100,62.9,NA,NA,23.4,Walking,0.93,Pedar,,,,,,,,,,,19,22,68,24.5,,,188.4,35.2,209.7,38.1,155,68.5,58.9,22.6,151.9,38.2,,,,,,,,
133,Petry,2016,HEALTHY,,N,BF,64,0,13.3,1.67,54,19.3,Walking,NA,MultiSens,,,,,,,160,109,46,29,,,,,165,58,,,,,,,,,92,69,,,,,,,,
133,Petry,2016,HEALTHY,,N,BF,54,0,16.74,1.79,73,22.6,Walking,NA,MultiSens,,,,,,,181,88,62,37,,,,,177,59,,,,,,,,,136,77,,,,,,,,
134,Aydin,2016,MONOCULAR_VISION,,N,BF,24,17,41.7,NA,NA,NA,Walking,SS,FootScan,,,,,,,,,187,96,,,,,,,392,222,346,169,252,135,99,83,257,148,382,182,538,248,464,289,263,152
142,Güven,2016,HIP_SURGERY,PFN,N,BF,21,71,78,NA,NA,27.5,Walking,SS,F-Scan,1501,302,,,,,,,112,69,,,,,332,92,,,,,,,,,,,,,,,,,,
142,Güven,2016,HIP_SURGERY,BPH,N,BF,16,81,79,NA,NA,28.4,Walking,SS,F-Scan,1480,308,,,,,,,120,72,,,,,353,95,,,,,,,,,,,,,,,,,,
154,Lim,2016,HEALTHY,,N,BF,15,13,11,1.513,43.6,NA,Walking,1.43,GAITRite,473,118.3,,,,,,,245.8,80.3,,,,,282.3,109.7,,,,,,,,,,,,,,,,,,
154,Lim,2016,AUTISM,,N,BF,15,13,11.2,1.509,48.1,NA,Walking,1.25,GAITRite,536.9,82.7,,,,,,,255.3,79.6,,,,,209.1,73.9,,,,,,,,,,,,,,,,,,
157,Mueller,2016,HEALTHY,,N,BF,108,NA,1,1.22,25.4,16.4,Walking,SS,Emed,120,35,,,,,,,,,96,28,93,23,171,75,,,,,,,,,,,,,,,,,,
157,Mueller,2016,HEALTHY,OVERWEIGHT,N,BF,29,NA,1,1.23,31.4,19.7,Walking,SS,Emed,115,25,,,,,,,,,101,39,98,33,165,73,,,,,,,,,,,,,,,,,,
157,Mueller,2016,HEALTHY,OBESE,N,BF,20,NA,1,1.26,39,23.1,Walking,SS,Emed,130,42,,,,,,,,,97,29,100,32,171,59,,,,,,,,,,,,,,,,,,
157,Mueller,2016,HEALTHY,,N,BF,348,NA,2,1.22,25.4,16.4,Walking,SS,Emed,130,35,,,,,,,,,94,24,91,21,226,95,,,,,,,,,,,,,,,,,,
157,Mueller,2016,HEALTHY,OVERWEIGHT,N,BF,69,NA,2,1.23,31.4,19.7,Walking,SS,Emed,131,36,,,,,,,,,101,26,97,20,213,85,,,,,,,,,,,,,,,,,,
157,Mueller,2016,HEALTHY,OBESE,N,BF,35,NA,2,1.26,39,23.1,Walking,SS,Emed,134,36,,,,,,,,,116,31,111,24,221,92,,,,,,,,,,,,,,,,,,
157,Mueller,2016,HEALTHY,,N,BF,572,NA,3,1.22,25.4,16.4,Walking,SS,Emed,143,36,,,,,,,,,87,23,85,19,248,96,,,,,,,,,,,,,,,,,,
157,Mueller,2016,HEALTHY,OVERWEIGHT,N,BF,78,NA,3,1.23,31.4,19.7,Walking,SS,Emed,148,38,,,,,,,,,97,27,95,21,239,95,,,,,,,,,,,,,,,,,,
157,Mueller,2016,HEALTHY,OBESE,N,BF,24,NA,3,1.26,39,23.1,Walking,SS,Emed,181,50,,,,,,,,,108,24,104,23,233,45,,,,,,,,,,,,,,,,,,
157,Mueller,2016,HEALTHY,,N,BF,723,NA,4,1.22,25.4,16.4,Walking,SS,Emed,157,40,,,,,,,,,80,24,81,23,268,92,,,,,,,,,,,,,,,,,,
157,Mueller,2016,HEALTHY,OVERWEIGHT,N,BF,81,NA,4,1.23,31.4,19.7,Walking,SS,Emed,167,39,,,,,,,,,90,28,89,22,252,86,,,,,,,,,,,,,,,,,,
157,Mueller,2016,HEALTHY,OBESE,N,BF,25,NA,4,1.26,39,23.1,Walking,SS,Emed,197,48,,,,,,,,,94,29,97,26,312,120,,,,,,,,,,,,,,,,,,
157,Mueller,2016,HEALTHY,,N,BF,845,NA,5,1.22,25.4,16.4,Walking,SS,Emed,173,43,,,,,,,,,74,22,75,20,282,94,,,,,,,,,,,,,,,,,,
157,Mueller,2016,HEALTHY,OVERWEIGHT,N,BF,59,NA,5,1.23,31.4,19.7,Walking,SS,Emed,187,37,,,,,,,,,85,23,89,19,254,79,,,,,,,,,,,,,,,,,,
157,Mueller,2016,HEALTHY,OBESE,N,BF,31,NA,5,1.26,39,23.1,Walking,SS,Emed,204,72,,,,,,,,,95,33,96,30,292,68,,,,,,,,,,,,,,,,,,
157,Mueller,2016,HEALTHY,,N,BF,804,NA,6,1.22,25.4,16.4,Walking,SS,Emed,184,45,,,,,,,,,69,23,72,20,287,91,,,,,,,,,,,,,,,,,,
157,Mueller,2016,HEALTHY,OVERWEIGHT,N,BF,82,NA,6,1.23,31.4,19.7,Walking,SS,Emed,211,59,,,,,,,,,87,27,90,23,280,80,,,,,,,,,,,,,,,,,,
157,Mueller,2016,HEALTHY,OBESE,N,BF,42,NA,6,1.26,39,23.1,Walking,SS,Emed,236,75,,,,,,,,,96,27,110,48,291,99,,,,,,,,,,,,,,,,,,
157,Mueller,2016,HEALTHY,,N,BF,682,NA,7,1.22,25.4,16.4,Walking,SS,Emed,202,52,,,,,,,,,63,21,69,19,300,97,,,,,,,,,,,,,,,,,,
157,Mueller,2016,HEALTHY,OVERWEIGHT,N,BF,68,NA,7,1.23,31.4,19.7,Walking,SS,Emed,239,63,,,,,,,,,81,28,90,22,309,101,,,,,,,,,,,,,,,,,,
157,Mueller,2016,HEALTHY,OBESE,N,BF,35,NA,7,1.26,39,23.1,Walking,SS,Emed,253,62,,,,,,,,,100,26,110,21,300,81,,,,,,,,,,,,,,,,,,
157,Mueller,2016,HEALTHY,,N,BF,657,NA,8,1.22,25.4,16.4,Walking,SS,Emed,223,61,,,,,,,,,63,21,73,30,300,95,,,,,,,,,,,,,,,,,,
157,Mueller,2016,HEALTHY,OVERWEIGHT,N,BF,64,NA,8,1.23,31.4,19.7,Walking,SS,Emed,255,52,,,,,,,,,76,21,91,22,304,90,,,,,,,,,,,,,,,,,,
157,Mueller,2016,HEALTHY,OBESE,N,BF,38,NA,8,1.26,39,23.1,Walking,SS,Emed,271,80,,,,,,,,,89,25,100,24,305,73,,,,,,,,,,,,,,,,,,
157,Mueller,2016,HEALTHY,,N,BF,571,NA,9,1.22,25.4,16.4,Walking,SS,Emed,234,71,,,,,,,,,62,22,73,32,312,99,,,,,,,,,,,,,,,,,,
157,Mueller,2016,HEALTHY,OVERWEIGHT,N,BF,67,NA,9,1.23,31.4,19.7,Walking,SS,Emed,294,100,,,,,,,,,79,23,99,33,308,83,,,,,,,,,,,,,,,,,,
157,Mueller,2016,HEALTHY,OBESE,N,BF,34,NA,9,1.26,39,23.1,Walking,SS,Emed,306,76,,,,,,,,,97,30,111,28,333,119,,,,,,,,,,,,,,,,,,
157,Mueller,2016,HEALTHY,,N,BF,535,NA,10,1.22,25.4,16.4,Walking,SS,Emed,256,77,,,,,,,,,61,20,76,26,317,100,,,,,,,,,,,,,,,,,,
157,Mueller,2016,HEALTHY,OVERWEIGHT,N,BF,73,NA,10,1.23,31.4,19.7,Walking,SS,Emed,305,88,,,,,,,,,78,27,97,23,331,100,,,,,,,,,,,,,,,,,,
157,Mueller,2016,HEALTHY,OBESE,N,BF,41,NA,10,1.26,39,23.1,Walking,SS,Emed,372,133,,,,,,,,,92,30,129,53,343,80,,,,,,,,,,,,,,,,,,
157,Mueller,2016,HEALTHY,,N,BF,323,NA,11,1.22,25.4,16.4,Walking,SS,Emed,270,84,,,,,,,,,62,23,81,44,312,89,,,,,,,,,,,,,,,,,,
157,Mueller,2016,HEALTHY,OVERWEIGHT,N,BF,44,NA,11,1.23,31.4,19.7,Walking,SS,Emed,337,110,,,,,,,,,80,27,111,44,326,82,,,,,,,,,,,,,,,,,,
157,Mueller,2016,HEALTHY,OBESE,N,BF,24,NA,11,1.26,39,23.1,Walking,SS,Emed,351,76,,,,,,,,,98,32,117,32,320,64,,,,,,,,,,,,,,,,,,
157,Mueller,2016,HEALTHY,,N,BF,288,NA,12,1.22,25.4,16.4,Walking,SS,Emed,291,100,,,,,,,,,64,22,85,47,311,93,,,,,,,,,,,,,,,,,,
157,Mueller,2016,HEALTHY,OVERWEIGHT,N,BF,32,NA,12,1.23,31.4,19.7,Walking,SS,Emed,342,88,,,,,,,,,87,31,110,42,339,86,,,,,,,,,,,,,,,,,,
157,Mueller,2016,HEALTHY,OBESE,N,BF,22,NA,12,1.26,39,23.1,Walking,SS,Emed,384,111,,,,,,,,,99,33,129,44,352,126,,,,,,,,,,,,,,,,,,
163,Brenton-Rule,2016,RA,,N,BF,201,75,64.7,NA,NA,27.8,Walking,1.07,F-Scan,310,66,,,,,,,113,62,,,,,243,69,,,,,,,,,,,,,,,,,,
164,Nunns,2016,HEALTHY,,N,BF,150,0,21.38,1.78,76.67,24.36,Running,3.6,FootScan,,,,,,,,,,,,,,,176.9,47.5,,,,,,,,,,,,,,,,,,
164,Nunns,2016,STRESS_FX,,N,BF,10,0,19.7,1.79,74.27,22.77,Running,3.6,FootScan,,,,,,,,,,,,,,,208.1,68.3,,,,,,,,,,,,,,,,,,
172,Qiu,2015,DIABETES,TYPE2,N,BF,65,55,59,NA,NA,25.91,Walking,SS,FootScan,,,,,,,,,34,33.5,,,,,,,98,60,98,70.4,45,53,5,13.7,62,73,144,94,160.7,95.3,118,96,61,80
188,Couppe,2015,DIABETES,,N,BF,42,0,59,1.78,93,29,Walking,SS,Emed,620,192,,,,,,,,,,,,,420,128,,,,,,,,,,,,,,,,,,
188,Couppe,2015,HEALTHY,,N,BF,10,0,58,1.77,83,27,Walking,SS,Emed,530,189,,,,,,,,,,,,,450,94,,,,,,,,,,,,,,,,,,
202,Panichawit,2015,HEALTHY,,N,BF,5,40,28.3,1.65,62.8,NA,Walking,SS,FDM,,,,,,,,,,,34,11.1,,,,,,,,,20.3,25.5,,,37.3,21.8,,,,,,,,
204,Genc,2015,CALC_FX,,N,BF,28,18,43.5,NA,NA,NA,Walking,SS,FootScan,,,,,,,,,418,332,,,,,,,1266.2,748,1330,1069,726.9,634,375,370,468,675,649,549,1095.9,552,726.5,621,298.2,242
209,Sano,2015,PINCER,,N,BF,12,50,48.5,1.63,61.3,22.6,Walking,SS,S-Plate,,,,,,,,,,,,,,,,,,,,,99,30.3,,,,,,,,,,,,
209,Sano,2015,HEALTHY,,N,BF,12,50,46.8,1.65,61.9,22.6,Walking,SS,S-Plate,,,,,,,,,,,,,,,,,,,,,129,22,,,,,,,,,,,,
213,Mickle,2015,HEALTHY,,N,BF,79,62,72.2,1.65,62.4,22.8,Walking,1.04,Emed,,,,,,,,,108,53.3291665,,,,,321,115.5465274,,,,,421,231.0930549,202,151.0993051,374,293.3104158,485,239.9812493,402,186.6520828,266,106.658333,296,204.4284716
213,Mickle,2015,HEALTHY,OVERWEIGHT,N,BF,128,36.7,71.4,1.67,77.2,27.5,Walking,1.04,Emed,,,,,,,,,127,79.19595949,,,,,324,124.4507935,,,,,408,260.2152955,240,147.0782105,431,294.156421,495,260.2152955,418,169.7056275,262,101.8233765,250,203.646753
213,Mickle,2015,HEALTHY,OBESE,N,BF,105,55.2,71.4,1.66,91.9,33.8,Walking,0.93,Emed,,,,,,,,,160,61.4817046,,,,,343,122.9634092,,,,,435,256.1737691,220,163.9512123,463,276.6676707,559,235.6798676,445,174.198163,282,92.22255689,297,204.9390153
219,Pau,2015,HEALTHY,,N,BF,65,51,9.3,1.32,29.9,16.7,Walking,SS,FDM-S,215.7,59.1,,,,,,,74.8,23.2,,,,,316,98.4,,,,,,,,,,,,,,,,,,
219,Pau,2015,HEALTHY,OVERWEIGHT,N,BF,65,51,9.2,1.34,39.6,21.4,Walking,SS,FDM-S,255.3,101.9,,,,,,,95.6,26.3,,,,,296.9,92.1,,,,,,,,,,,,,,,,,,
223,Chen,2015,CLUBFOOT,DB,N,BF,15,40,4.7,1.06,17.7,NA,Walking,SS,FreeMed,,,101.26,40,,,120.53,31.6,,,56.8,21.9,105.89,41.7,105.51,39.1,,,,,,,,,,,,,,,,,,
223,Chen,2015,CLUBFOOT,DB-OS,N,BF,20,40,4.9,1.1,19.2,NA,Walking,SS,FreeMed,,,115,30,,,118.48,28.6,,,63.69,26.9,99.14,22.5,148.71,30.2,,,,,,,,,,,,,,,,,,
223,Chen,2015,CLUBFOOT,OS+FAS,N,BF,18,55,4.9,1.1,19.3,NA,Walking,SS,FreeMed,,,135.87,29.8,,,129.77,36.3,,,56.44,21.1,82.38,22.8,164.05,34.3,,,,,,,,,,,,,,,,,,
224,Jeans,2015,CLUBFOOT,PONSETI,N,BF,84,NA,5.2,NA,NA,NA,Walking,SS,Emed,,,,,,,190.5,78.8,,,85.3,28.5,118.2,36.5,,,130.5,52.4,126.5,44.3,,,,,71.8,41.6,140,49.6,,,,,,
224,Jeans,2015,CLUBFOOT,PT,N,BF,80,NA,5.2,NA,NA,NA,Walking,SS,Emed,,,,,,,195.3,87.2,,,81.3,27.3,114.5,44.2,,,137.4,60.1,132,52.9,,,,,71.5,38.6,139.7,56.7,,,,,,
224,Jeans,2015,HEALTHY,,N,BF,20,NA,5.2,NA,NA,NA,Walking,SS,Emed,,,,,,,156.3,37.4,,,67.5,22.9,67.8,18.4,,,271.3,111.4,226.4,92.3,,,,,111.3,38.8,158.5,34.2,,,,,,
232,Xu,2015,HIP_DISPLASIA,,N,BF,20,80,8.5,1.32,31.4,NA,Walking,SS,FootScan,,,,,,,,,74.2,21.3,,,,,,,250.5,84.5,218.4,73.7,120,37.5,45.8,18,99.9,14,141.3,36.6,142.3,35.6,132.7,38.5,91.4,24.3
232,Xu,2015,HEALTHY,,N,BF,20,NA,8.6,1.31,30.6,NA,Walking,SS,FootScan,,,,,,,,,72.8,14.8,,,,,,,248,76.2,204.6,63.1,124.5,37.1,41.4,9.1,115.1,36.4,147.7,36.5,140.3,41.7,109.8,28.4,78.7,17.2
241,Mei,2015,HEALTHY,HAB_UNSHOD,N,BF,18,0,23,1.65,65,23.8,Running,3,Pedar,,,403.8461538,52.4291498,,,486.0323887,53.84615385,,,87.85425101,53.84615385,158.7044534,53.84615385,,,107.6923077,55.26315789,93.52226721,53.84615385,140.2834008,52.4291498,165.7894737,56.68016194,,,,,,,,,,
241,Mei,2015,HEALTHY,HAB_SHOD,N,BF,20,0,24,1.72,66,22.31,Running,3,Pedar,,,542.7125506,49.5951417,,,331.5789474,48.17813765,,,128.9473684,52.4291498,315.9919028,49.5951417,,,501.6194332,52.4291498,514.3724696,52.4291498,303.2388664,52.4291498,255.0607287,51.01214575,,,,,,,,,,
252,Lu,2015,DIABETES,NEUROPATHY,N,BF,6,100,50.2,1.55,55.5,22.9,Walking,SS,Emed,,,291.6814159,46.72566372,608.8495575,50.97345133,185.4867257,46.72566372,90.61946903,46.72566372,,,,,369.5575221,49.55752212,,,,,610.2654867,49.55752212,69.38053097,50.97345133,,,,,,,,,,
252,Lu,2015,HEALTHY,,N,BF,6,100,44.5,1.58,61.3,24.4,Walking,SS,Emed,,,379.4690265,50.97345133,491.3274336,50.97345133,230.7964602,50.97345133,127.4336283,52.38938053,,,,,298.7610619,49.55752212,,,,,441.7699115,48.14159292,192.5663717,52.38938053,,,,,,,,,,
264,Sullivan,2015,HEALTHY,,N,BF,70,64,48.4,1.67,71.8,25.6,Walking,SS,Emed,,,483,142,,,348,78,85,60,,,,,,,324,64,328,68,,,,,,,,,,,,,,
264,Sullivan,2015,HEEL_PAIN,HIGH_PAIN,N,BF,101,62,56.6,1.66,81.4,29.2,Walking,SS,Emed,,,492,135,,,379,89,95,63,,,,,,,304,78,304,69,,,,,,,,,,,,,,
264,Sullivan,2015,HEEL_PAIN,LOW_PAIN,N,BF,97,71,54.6,1.65,78.3,28.5,Walking,SS,Emed,,,464,103,,,369,80,89,53,,,,,,,315,68,312,66,,,,,,,,,,,,,,
268,Aydin,2015,ANK_SPOND,,N,BF,38,7,42.1,1.69,79.6,27.5,Walking,NA,FootScan,,,,,,,,,265,113,,,,,,,536,142,515,152,306,141,127,95,419,173,596,198,751,214,667,217,346,138
268,Aydin,2015,HEALTHY,,N,BF,33,9,43.3,1.74,79.9,26.2,Walking,NA,FootScan,,,,,,,,,190,80,,,,,,,517,227,489,194,289,116,104,59,345,195,575,226,692,205,586,209,291,191
277,Fishco,2015,HEALTHY,,N,BF,28,60,43,1.68,74.2,26.05,Walking,NA,Emed,,,,,524.3902439,205.9620596,329.2682927,162.601626,,,66.39566396,37.9403794,126.0162602,60.97560976,313.0081301,82.65582656,,,,,483.7398374,234.4173442,222.2222222,108.401084,342.8184282,170.7317073,,,,,,,,
277,Fishco,2015,MET_ADDUCT,,N,BF,37,73,43.3,1.68,78.7,27.74,Walking,NA,Emed,,,,,548.7804878,254.7425474,425.4742547,235.7723577,,,60.97560976,43.3604336,161.2466125,108.401084,367.2086721,159.8915989,,,,,513.5501355,281.8428184,222.2222222,168.0216802,357.7235772,196.4769648,,,,,,,,
278,Barn,2015,DIABETES,NEUROPATHY,N,BF,167,17,63,NA,99,NA,Walking,SS,Emed,822,434,,,,,,,149,88,,,,,331,108,,,,,444,363,223,172,,,,,,,,,,
292,Fawzy,2014,DIABETES,,N,BF,37,NA,29.2,NA,70.4,26.6,Walking,SS,MatScan,292.7,83.8,,,,,,,,,,,,,238.5,46.2,,,,,,,,,,,,,,,,,,
292,Fawzy,2014,DIABETES,NEUROPATHY,N,BF,33,NA,50.9,NA,86.7,31.7,Walking,SS,MatScan,318.2,58.8,,,,,,,,,,,,,278,60.9,,,,,,,,,,,,,,,,,,
292,Fawzy,2014,DIABETES,ULCER,N,BF,30,NA,54.2,NA,75.9,29.2,Walking,SS,MatScan,348.5,42.9,,,,,,,,,,,,,270.7,52.5,,,,,,,,,,,,,,,,,,
294,Santos,2014,RA,,N,BF,35,83,52.4,NA,NA,NA,Walking,NA,F-Scan,347,100,,,,,,,,,,,,,,,,,,,,,,,,,,,,,,,,
297,Pau,2014,HEALTHY,,N,BF,218,50,10.1,1.375,36.2,21.1,Walking,1.3,FDM-S,35.2,18.5,,,,,,,22.9,11.1,,,,,93.2,33.9,,,,,,,,,,,,,,,,,,
298,Butterworth,2014,HEALTHY,,N,BF,37,68,53.5,1.69,69,24,Walking,SS,F-Scan,215.7,39.2,,,,,,,68.6,39.2,,,,,176.5,39.2,,,,,137.2,39.2,78.4,29.4,,,,,,,,,,
298,Butterworth,2014,HEALTHY,OBESE,N,BF,31,73,51.6,1.66,100.7,36.5,Walking,SS,F-Scan,264.7,29.4,,,,,,,127.4,49,,,,,215.7,39.2,,,,,166.7,39.2,88.2,29.4,,,,,,,,,,
310,Shakibi,2014,HEALTHY,MZ,N,BF,32,100,23.8,1.58,52.9,NA,Walking,SS,Emed,,,,,,,272.6,95.1,,,102.9,23.3,111.7,25.7,,,233.1,35.4,228.4,33.7,380.1,95,,,187.3,77.1,247,57.5,,,,,,
310,Shakibi,2014,HEALTHY,DZ,N,BF,28,100,22.2,1.59,54.7,NA,Walking,SS,Emed,,,,,,,304.4,99.9,,,103.7,31.1,107.3,25.5,,,254.6,47,251.9,46.4,310.1,101.9,,,192.8,72.7,280.3,67.4,,,,,,
311,Hagen,2014,HEALTHY,INCR_HIP_ANGLE,N,BF,10,0,22.3,1.8,76.2,23.4,Walking,1.6,Emed,,,,,241.1,67.2,229.2,81,,,70.8,35.7,102.5,50.2,,,258.6,58.3,254.4,53.9,224.2,118.1,102.8,38.2,187.8,81.7,,,,,,,,
311,Hagen,2014,HEALTHY,NORM_HIP_ANGLE,N,BF,10,0,22.7,1.82,79.4,23.5,Walking,1.6,Emed,,,,,228,60.7,218.9,62.4,,,50.7,42.5,83,34,,,284.5,61.9,276.6,57.2,198.6,89.7,107,53.3,185.5,80.8,,,,,,,,
322,Song,2014,HEALTHY,OBESE,N,BF,21,81,56.24,NA,99.67,36.12,Walking,0.96,Emed,,,,,,,,,,,148.9,44.4,179.6,43,,,319.7,120,286.4,80,519.7,304,178.5,105,419.2,250,558,296,453.6,192,318.5,141,322.2,228
322,Song,2014,HEALTHY,OBESE,N,BF,20,75,56.25,NA,99.45,35.77,Walking,0.96,Emed,,,,,,,,,,,145.1,28,209.7,176,,,261,86,250.5,71,546.2,251,169.1,69,344.8,231,435.5,180,385.4,182,308.9,133,216.9,125
334,Koller,2014,HALLUX_VALGUS,,N,BF,55,94,57.7,NA,NA,NA,Walking,SS,Emed,681,199.74,,,,,,,,,104.1,26.87,143,63.84,312.79,86.13,,,,,336.63,189.57,156.68,89.12,368.18,303.26,567.99,208.96,474.23,137.22,284.76,98.52,272.53,177.87
342,Sacco,2014,DIABETES,,N,BF,38,48,56.5,NA,NA,28.7,Walking,1.86,Pedar,,,287.1,70.2,,,269.3,64.7,116.6,38.3,,,,,279.5,63.4,,,,,205.2,83.8,,,,,,,,,,,,
342,Sacco,2014,DIABETES,MILD_NEUROPATHY,N,BF,20,83,56.4,NA,NA,29.5,Walking,1.8,Pedar,,,282.9,66,,,255.8,69,120.1,46.9,,,,,267.7,62.1,,,,,207.1,85.2,,,,,,,,,,,,
342,Sacco,2014,DIABETES,MOD_NEUROPATHY,N,BF,47,47,58.8,NA,NA,29.4,Walking,1.91,Pedar,,,330,100.8,,,313.2,84.5,115,42.8,,,,,289.8,68,,,,,224.9,93.9,,,,,,,,,,,,
342,Sacco,2014,DIABETES,SEV_NEUROPATHY,N,BF,24,33,58.5,NA,NA,28.2,Walking,1.83,Pedar,,,321.1,92.9,,,281.9,75.6,118.5,40.5,,,,,297.1,63.1,,,,,212,107,,,,,,,,,,,,
363,Riddiford-Harland,2014,HEALTHY,OBESE,N,BF,73,64,8.3,1.37,46.5,24.7,Walking,SS,Emed,,,,,,,290.3846154,110.5769231,,,78.84615385,32.69230769,100,34.61538462,,,336.5384615,138.4615385,292.3076923,100,259.6153846,110.5769231,113.4615385,59.61538462,187.5,60.57692308,282.6923077,82.69230769,,,,,,
374,Matheis,2014,CALC_OSTEO,,N,BF,6,100,NA,NA,NA,NA,Walking,SS,F-Scan,,,,,,,111.75,36,,,55.5,24,77.25,33,,,158.25,46.5,141,34.5,111,50.25,47.25,25.5,118.5,48.75,136.5,35.25,,,,,,
375,Sartor,2014,DIABETES,NEUROPATHY,N,BF,29,52,60,1.71,82.5,29,Walking,1.06,Pedar,,,313.4,101.4,,,297.9,83.9,125.1,63.6,,,,,293.6,68.4,,,,,214.8,69.2,180.6,99.6,,,,,,,,,,
375,Sartor,2014,DIABETES,NEUROPATHY,N,BF,26,42,59,1.65,77.4,28,Walking,1.09,Pedar,,,356.3,100.1,,,316.8,79.5,119.5,43.7,,,,,314.1,88,,,,,206.9,96.8,187.1,84.2,,,,,,,,,,
405,Jeans,2014,CLUBFOOT,,N,BF,37,NA,4.5,NA,NA,NA,Walking,SS,Emed,,,,,,,233.4,100.5,,,46.8,28,162.8,65,,,103.8,66.6,106.8,47.8,,,,,45.7,47.6,92.2,38.6,,,,,,
405,Jeans,2014,HEALTHY,,N,BF,20,NA,NA,NA,NA,NA,Walking,SS,Emed,,,,,,,144.5,46.9,,,74.8,20.2,79,17.8,,,249.5,81.5,208,63.5,,,,,116.3,41.5,146.5,48.7,,,,,,
407,Becerro-de-Bengoa-Vallejo,2014,HEALTHY,,N,BF,28,0,10.65,1.46,39.7,17.3,Walking,SS,Medicapteurs,106.49,19.82,,,,,,,,,,,,,88.18,10.29,,,,,,,,,,,,,,,,,,
407,Becerro-de-Bengoa-Vallejo,2014,SEVER,,N,BF,28,0,10.78,1.43,38.9,17.1,Walking,SS,Medicapteurs,149.16,32.45,,,,,,,,,,,,,839.82,68.65,,,,,,,,,,,,,,,,,,
410,Zhang,2014,DIABETES,NEUROPATHY,N,BF,30,46,52.7,NA,NA,NA,Walking,SS,FootScan,,,,,,,,,51,18,,,,,,,139,24,135,28,87,37,43,21,88,36,159,46,185,39,146,44,70,33
410,Zhang,2014,DIABETES,NEUROPATHY,N,BF,30,46,52.7,NA,NA,NA,Walking,SS,FootScan,,,,,,,,,52,14,,,,,,,130,30,123,29,87,33,36,19,95,30,147,30,180,38,150,56,78,37
419,Shibuya,2014,FLATFOOT,,N,BF,14,43,22,1.63,57.1,NA,Walking,SS,FootScan,,,,,,,,,43,33.7,,,,,,,442,190,366,220,315,157,124,172,261,168,380,172,434,250,191,172,109,179
419,Shibuya,2014,HEALTHY,,N,BF,12,41,23.1,1.68,64.2,NA,Walking,SS,FootScan,,,,,,,,,57,176,,,,,,,464,232,402,131,354,187,103,117,280,72,431,96,458,232,201,176,132,176
423,Turner,2013,PSA,,N,BF,34,64.7,45.3,NA,NA,25.1,Walking,NA,Emed,,,,,,,,,,,,,,,,,,,,,,,,,312,223,467,262,368,55,252,72,224,137
423,Turner,2013,HEALTHY,,N,BF,22,63.6,37.9,NA,NA,24.4,Walking,NA,Emed,,,,,,,,,,,,,,,,,,,,,,,,,327,97,374,131,330,93,245,77,208,166
430,Yavuz,2013,DIABETES,NEUROPATHY,N,BF,14,14,64.8,NA,NA,32,Walking,0.81,Custom,,,,,479.8029557,73.89162562,383.3049404,71.55025554,,,,,,,,,,,,,382.5,121.5,102.6833631,33.27370304,446.4163823,69.62457338,,,,,,,,
430,Yavuz,2013,DIABETES,,N,BF,14,64,52.4,NA,NA,28.9,Walking,0.88,Custom,,,,,490.6403941,70.93596059,334.241908,53.1516184,,,,,,,,,,,,,346.5,87,132.3792487,35.42039356,283.6177474,60.40955631,,,,,,,,
430,Yavuz,2013,HEALTHY,,N,BF,11,63,65.5,NA,NA,27.8,Walking,1.17,Custom,,,,,445.320197,66.00985222,242.2487223,42.93015332,,,,,,,,,,,,,342,105,112.7012522,25.76028623,267.2354949,34.81228669,,,,,,,,
449,Galica,2013,HEALTHY,,N,BF,3707,49.9,64.3,NA,80.9,28.8,Walking,SS,MatScan,,,,,,,251.3,88.12,212.8,101.25,74.4,53.2,108.8,64.45,,,230,85.98,216.8,80.05,218.6,102.01,138.8,77.36,,,,,,,,,,
449,Galica,2013,HALLUX_VALGUS,,N,BF,1123,74.1,65.2,NA,74.5,27.7,Walking,SS,MatScan,,,,,,,240.3,89.11,206.5,99.9,73.5,65.18,106.3,74.1,,,222.3,84.72,208.2,80.42,212,106.44,144.5,87.82,,,,,,,,,,
449,Galica,2013,HV_FOOT_DIS,,N,BF,641,72.1,73.4,NA,73.3,27.5,Walking,SS,MatScan,,,,,,,231.5,71.15,207.2,88.07,68.1,39.27,107.8,61.02,,,215.3,67.21,200.4,62.83,171.3,99.38,148.3,71.93,,,,,,,,,,
449,Galica,2013,FOOT_DIS,,N,BF,922,48.6,69.9,NA,80.4,28.5,Walking,SS,MatScan,,,,,,,249.6,88.87,222,104.89,73.4,55.17,113.1,72.42,,,233.1,92.31,213.1,83.86,206,106.66,152.2,90.16,,,,,,,,,,
453,Robinson,2013,HEALTHY,,N,BF,30,73.7,51.5,NA,NA,26.8,Walking,SS,Emed,406,69,,,,,,,144,31,,,,,316,59,,,,,279,95,104,38,,,,,,,,,,
453,Robinson,2013,DIABETES,,N,BF,28,73.3,54.4,NA,NA,27.9,Walking,SS,Emed,482,109,,,,,,,161,43,,,,,326,84,,,,,283,105,98,75,,,,,,,,,,
453,Robinson,2013,PRE_DIABETES,,N,BF,15,73.3,54.8,NA,NA,29.3,Walking,SS,Emed,509,109,,,,,,,173,43,,,,,311,64,,,,,336,107,99,36,,,,,,,,,,
458,Scalpello,2013,RA,NEW_DIAG,N,BF,10,70,43.9,NA,72.3,NA,Walking,NA,MatScan,,,,,461.5863142,159.2534992,,,,,,,,,,,,,,,465.318818,257.5427683,,,395.6454121,282.4261275,,,,,,,213.9968896,175.4276827
458,Scalpello,2013,HEALTHY,,N,BF,10,70,42.5,NA,73.87,NA,Walking,NA,MatScan,,,,,395.6454121,69.67340591,,,,,,,,,,,,,,,429.2379471,156.7651633,,,191.6018663,78.38258165,,,,,,,306.0653188,262.5194401
460,Nunns,2013,HEALTHY,HS,N,BF,823,0,21.7,1.75,75.97,NA,Running,3.6,FootScan,,,,,,,,,,,,,,,,,81.85,30.7,60.74,23.72,89.05,44.34,,,140.61,67.1,175.23,69.63,181.7,64.93,130.16,64.23,107.65,64.57
460,Nunns,2013,HEALTHY,MS,N,BF,88,0,20.6,1.77,74.8,NA,Running,3.6,FootScan,,,,,,,,,,,,,,,,,106.63,53.02,34.18,18.61,106.63,53.02,,,156.12,72.6,176.72,71.25,182.05,75.41,123.89,54.1,104.22,47.82
460,Nunns,2013,HEALTHY,FS,N,BF,71,0,21.5,1.78,75.63,NA,Running,3.6,FootScan,,,,,,,,,,,,,,,,,24.7,22.65,18.17,18.94,124.89,80.54,,,188.49,49.35,170.78,64.99,192.12,66.51,132.45,49.88,132.11,124.02
460,Nunns,2013,HEALTHY,TR,N,BF,44,0,21.1,1.78,78.47,NA,Running,3.6,FootScan,,,,,,,,,,,,,,,,,NA,NA,NA,NA,134.8,68.13,,,190.48,60.68,240.3,62.89,224.78,66.5,161.21,55.49,152.74,70.25
467,Pau,2013,EDS-HT,,N,BF,26,100,36.8,1.64,58,21.5,Walking,SS,FDM-S,497.04,124.66,,,,,,,127.18,66.33,,,,,342.42,108.64,,,,,,,,,,,,,,,,,,
467,Pau,2013,HEALTHY,,N,BF,26,100,37.2,1.61,57.9,22.1,Walking,SS,FDM-S,401.59,125.14,,,,,,,120.77,34.89,,,,,308.62,94.7,,,,,,,,,,,,,,,,,,
471,Cousins,2013,HEALTHY,OBESE,N,BF,22,31,9.95,1.5,55.75,24.16,Walking,1.06,MatScan,,,,,,,277.49,91.08,110.88,47.92,,,,,,,269.02,81.9,289.26,79.73,211.01,19.94,,,178.01,19.94,,,,,,,,
471,Cousins,2013,HEALTHY,OVERWEIGHT,N,BF,22,27,9.41,1.45,39.91,19.17,Walking,1.1,MatScan,,,,,,,244.85,80.79,95.23,52.75,,,,,,,236.11,54.53,249.85,55.22,214.19,79.77,,,185.39,82.03,,,,,,,,
471,Cousins,2013,HEALTHY,,N,BF,56,44,9.16,1.39,30.59,15.63,Walking,1.12,MatScan,,,,,,,198.41,54.55,58.33,38.97,,,,,,,220.08,92.56,221.78,85.15,216.47,86.08,,,194.41,59.82,,,,,,,,
472,Qiu,2013,DIABETES,,N,BF,65,55,59,NA,NA,25.91,Walking,SS,FootScan,,,34,33.6,,,,,,,,,,,,,98,60.2,98,70.4,45,53.9,5,13.8,62,73.3,144,94.8,160.7,95.3,118,92.7,61,80
473,Schuh,2013,PTTD,FDLT-MDCO,N,BF,73,87,59.9,NA,NA,NA,Walking,SS,Emed,658,36.8,,,,,,,,,122,41.9,158.7,56.6,275.6,85.8,,,,,448.4,276.3,174,81,,,,,,,,,,
474,Salazar-Torres,2013,HEALTHY,,N,BF,26,34,7.9,1.26,27.7,NA,Walking,SS,HR Mat,,,329.08,119.7,,,240.34,80.1,,,39.93,26,120.76,79.1,331.6,91.05,,,,,,,,,,,,,,,,,,
474,Salazar-Torres,2013,CTEV,SURGERY,N,BF,23,13,9.1,1.29,28.1,NA,Walking,SS,HR Mat,,,280.86,131.9,,,223.8,88.3,,,47.14,28.1,93.91,90.8,248.8,98.9,,,,,,,,,,,,,,,,,,
474,Salazar-Torres,2013,CTEV,PONSETI,N,BF,29,31,6.5,1.18,23.8,NA,Walking,SS,HR Mat,,,256.23,117.3,,,233.92,78.3,,,56.68,25,167.89,78.9,183.83,87.9,,,,,,,,,,,,,,,,,,
479,Melai,2013,DIABETES,NEUROPATHY,SPEED,BF,94,14,66.69,1.74,92.9,30.5,Walking,1.07,Emed,,,,,,,,,154,58.17215829,,,,,381,106.6489569,,,,,444,252.0793526,206,135.735036,432,242.3839929,571,252.0793526,469,174.5164749,313,116.3443166,312,213.2979137
479,Melai,2013,DIABETES,,SPEED,BF,39,48,62.4,1.68,88,31.1,Walking,1.09,Emed,,,,,,,,,156,49.95998399,,,,,360,99.91996797,,,,,458,281.0249099,193,106.164966,362,237.3099239,471,237.3099239,409,156.12495,275,74.93997598,228,131.144958
479,Melai,2013,HEALTHY,,SPEED,BF,19,21,67.8,1.73,68.8,23.2,Walking,1.22,Emed,,,,,,,,,120,30.5122926,,,,,360,113.3313725,,,,,336,113.3313725,209,91.53687781,282,95.89577676,459,191.7915535,364,65.38348415,242,43.58898944,200,108.9724736
479,Melai,2013,DIABETES,NEUROPATHY,SPEED,BF,94,14,66.69,1.74,92.9,30.5,Walking,1.23,Emed,,,,,,,,,159,67.867518,,,,,429,135.735036,,,,,450,290.8607914,214,145.4303957,445,271.470072,607,290.8607914,490,222.9932734,315,164.8211152,291,222.9932734
479,Melai,2013,DIABETES,,SPEED,BF,39,48,62.4,1.68,88,31.1,Walking,1.23,Emed,,,,,,,,,156,49.95998399,,,,,405,118.654962,,,,,496,312.2498999,206,112.409964,321,168.614946,516,262.2899159,448,193.594938,285,74.93997598,226,124.89996
479,Melai,2013,HEALTHY,,SPEED,BF,19,21,67.8,1.73,68.8,23.2,Walking,1.23,Emed,,,,,,,,,120,21.79449472,,,,,369,100.2546757,,,,,341,148.2025641,207,100.2546757,281,108.9724736,461,217.9449472,357,74.10128204,253,74.10128204,239,178.7148567
483,Hsu,2013,PLANTAR_FACIITIS,,N,BF,12,100,59,NA,NA,25,Walking,0.818,TekScan Walkway,429,77.8,,,,,,,111,45.7,,,,,278,47.5,,,,,,,,,,,,,,,,,,
488,Hillstrom,2013,HEALTHY,,N,BF,25,32,1.25,0.77,11.3,NA,Walking,SS,Emed,,,,,,,,,,,64,12,64,13,,,85,29,92,35,108,33,,,82,29,70,18,60,11,51,11,41,10
507,DeSilva,2013,HEALTHY,MF_BREAK_ABSENT,N,BF,366,66,37.9,NA,NA,24.4,Walking,1.18,HR Mat,,,,,,,,,,,,,62.5,53.3,,,,,,,,,,,,,,,,,,,,
507,DeSilva,2013,HEALTHY,MF_BREAK_PRES,N,BF,32,50,39.4,NA,NA,26.7,Walking,1.15,HR Mat,,,,,,,,,,,,,251.4,46,,,,,,,,,,,,,,,,,,,,
512,Rosenbaum,2013,HEALTHY,,SPEED,BF,20,NA,8,1.33,31,17,Walking,0.77,Emed,,,,,,,198.8571429,68.57142857,,,59.42857143,24,70.85714286,20.57142857,,,281.1428571,81.14285714,243.4285714,65.14285714,260.5714286,138.2857143,100.5714286,30.85714286,154.2857143,33.14285714,184,64,,,,,,
512,Rosenbaum,2013,HEALTHY,,SPEED,BF,20,NA,8,1.33,31,17,Walking,1.2,Emed,,,,,,,216,75.42857143,,,65.14285714,24,77.71428571,18.28571429,,,363.4285714,100.5714286,297.1428571,69.71428571,245.7142857,102.8571429,120,41.14285714,165.7142857,50.28571429,218.2857143,74.28571429,,,,,,
512,Rosenbaum,2013,HEALTHY,,SPEED,BF,20,NA,8,1.33,31,17,Walking,1.67,Emed,,,,,,,195.4285714,65.14285714,,,76.57142857,35.42857143,82.28571429,25.14285714,,,488,136,381.7142857,83.42857143,342.8571429,194.2857143,150.8571429,72,184,64,212.5714286,82.28571429,,,,,,
518,Rosenbaum,2013,HEALTHY,,N,BF,12,50,39,1.76,70,23,Walking,NA,Emed,,,,,498.3,117,433.8,107.5,,,91.2,43.7,109.1,38.1,,,444.4,121.5,408.2,72.5,387,110.8,196.6,78.2,391.9,161.6,,,,,,,,
522,Escamilla-Martínez,2013,HEALTHY,,N,BF,30,0,39.8,1.72,70.3,NA,Walking,SS,FootScan,,,,,,,,,37.7,24.5,,,,,,,179.2,41.8,184.9,58.5,122.3,47.4,39,31.2,105.9,61,213.2,78.8,273.2,71.9,179.5,69.9,99.7,71.7
531,Hafer,2013,HEALTHY,,SYSTEM,BF,22,41,28.6,1.7,75.5,NA,Walking,SS,MatScan,,,,,,,,,,,76,58.5,121.5,63,,,346,77,321.5,61.5,395,13.6,,,263,86,441,139.5,396.5,426.5,158,45.5,236.5,110.5
531,Hafer,2013,HEALTHY,,SYSTEM,BF,22,41,28.6,1.7,75.5,NA,Walking,SS,Emed,,,,,,,,,,,89,56,122,52,,,371.5,90.5,357.5,83.5,453.5,205.5,,,284.5,130,500.5,260.5,116,279.5,287.5,74,249,118
544,Jansen,2012,CALC_FX,,N,BF,26,38,52,1.71,75.8,25.9,Walking,SS,Emed,,,,,,,,,156.5965583,18.06883365,,,,,240.0573614,68.83365201,,,,,335.5640535,320.9369025,129.0630975,70.55449331,224.5697897,84.32122371,347.6099426,193.5946463,361.376673,187.5717017,271.0325048,89.48374761,234.8948375,114.4359465
545,Schuh,2012,DOUBLE_ARTHRO,,N,BF,14,28,65.8,1.69,83,29.4,Walking,NA,Emed,,,,,,,,,280.8,245.3,,,,,334.6,133.7,,,,,288.9,183.6,146.5,79.9,410.8,298.3,391.7,140.5,392.5,193.5,268,156.4,278.4,245.1
545,Schuh,2012,HEALTHY,,N,BF,14,28,58.4,1.71,81,27.7,Walking,NA,Emed,,,,,,,,,138.7,28.1,,,,,315.5,54.1,,,,,298.5,78.6,159,77.1,267.6,83.8,443.5,145.7,430.4,135.8,280,69.3,225.6,116.4
551,Hendry,2012,JIA,,N,BF,14,28,12.4,NA,NA,19.8,Walking,1.08,Emed,,,,,,,248,180,,,,,,,320,90,,,,,,,,,281,103,,,,,,,,
551,Hendry,2012,HEALTHY,,N,BF,10,60,12.5,NA,NA,19.8,Walking,1.15,Emed,,,,,,,247,62,,,,,,,355,113,,,,,,,,,325,179,,,,,,,,
553,Hillstrom,2012,HEALTHY,PLANUS,N,BF,22,54,35.6,1.7,68.8,23.3,Walking,1.31,Emed,,,,,,,,,,,97.1,50,,,,,,,337,75.3,453.2,161.5,201.1,95.6,293.9,167,504.2,197.2,393.7,146.1,270.3,79.7,224.9,146.6
553,Hillstrom,2012,HEALTHY,RECTUS,N,BF,27,70,33.1,1.7,67.5,24.4,Walking,1.28,Emed,,,,,,,,,,,95.9,40.9,,,,,,,342,102.3,366.9,173.1,146.6,70.7,358,222.5,378.4,122.8,345.3,87.1,263,85.5,242.2,151.1
553,Hillstrom,2012,HEALTHY,CAVUS,N,BF,12,50,42.8,1.7,73.5,24,Walking,1.26,Emed,,,,,,,,,,,65.7,49.3,,,,,,,392.6,123.7,290.5,136.8,120.5,71.4,333.8,161.8,378.2,124.2,355.8,78.3,269.3,94,258.6,147.8
564,Fuentes-Sanz,2012,ANKLE_ARTHRO,,N,BF,20,15,40,NA,89,NA,Walking,SS,Emed,630.3,267.6,,,,,,,285.5,123.1,,,,,319,92.2,,,,,,,,,,,,,,,,,,
569,Menz,2012,HEALTHY,,N,BF,75,61,74.4,1.63,75.7,28.4,Walking,0.85,MatScan,,,,,,,170.6,47,84.3,39.2,,,,,220.6,50.9,,,,,140.2,39.2,82.3,28.4,72.5,49,223.5,47,,,,,,
569,Menz,2012,FF_PAIN,,N,BF,43,70.8,73.2,1.61,75.9,29,Walking,0.85,MatScan,,,,,,,189.2,40.2,89.2,41.1,,,,,210.8,48,,,,,125.5,41.1,77.4,26.4,69.6,54.9,229.4,45.1,,,,,,
570,Frigg,2012,HEALTHY,,N,BF,35,51,34,NA,72,NA,Walking,1.3,Emed,547.9115479,91.000091,,,,,,,184.2751843,30.94003094,,,,,493.8574939,116.4801165,,,,,,,,,,,,,,,,,,
570,Frigg,2012,ANKLE_ARTHRO,,N,BF,57,32,65,NA,88,NA,Walking,1,Emed,904.1769042,343.980344,,,,,,,253.0712531,38.22003822,,,,,538.0835381,160.1601602,,,,,,,,,,,,,,,,,,
570,Frigg,2012,TTC_ARTHRO,,N,BF,42,36,65,NA,87,NA,Walking,0.8,Emed,1110.565111,400.4004004,,,,,,,402.9484029,149.2401492,,,,,877.1498771,364.000364,,,,,,,,,,,,,,,,,,
581,Siddle,2012,RA,,N,BF,15,73,29.4,NA,NA,NA,Walking,0.954,Emed,,,,,,,,,,,,,,,,,,,,,,,,,,,730.9,387.6,531.4,211.8,248,76.5,313.1,281.75
584,Gurney,2012,DIABETES,NEUROPATHY,N,BF,10,30,60.9,NA,NA,32.1,Walking,SS,Emed,,,,,444.8275862,164.6551724,538.7931034,203.4482759,,,127.5862069,54.31034483,175.862069,45.68965517,,,364.6551724,151.7241379,321.5517241,76.72413793,357.7586207,166.3793103,216.3793103,97.4137931,359.4827586,193.1034483,,,,,,,,
608,Phethean,2012,HEALTHY,,N,BF,53,0,5.6,1.13,21,NA,Walking,SS,Biokinectics,,,,,,,,,,,24.7,11.5,45.8,12.6,280.1,82.1,,,,,211.9,88.1,,,153.7,57.2,176.4,84,153.8,46.1,113,31,84.2,49.1
608,Phethean,2012,HEALTHY,,N,BF,45,100,5.6,1.12,20.7,NA,Walking,SS,Biokinectics,,,,,,,,,,,25.3,13.4,49.1,16.4,279.7,77.2,,,,,228.8,65.5,,,154.9,53.3,167,55.4,161.3,48.7,119.4,33,89.3,35.7
613,Cousins,2012,HEALTHY,,N,BF,45,40,9,1.37,32.61,17.04,Walking,SS,MatScan,,,,,,,,,100.9,71.2,,,,,,,226.9,59.4,267.9,48.1,191.3,60.6,73.1,47.1,148.3,45.6,,,,,,,,
618,Naemi,2012,HEALTHY,,N,BF,21,47,37.3,1.74,74.3,NA,Walking,SS,FootScan,,,,,,,,,,,,,,,,,,,,,,,,,,,,,173.6,36.4,,,,
639,Stucke,2011,HEALTHY,,N,BF,11,36,38,NA,81.6,NA,Walking,NA,Custom,527,123,,,,,,,,,,,,,362,106,,,,,,,,,,,,,,,,,,
659,Slim,2011,LEPROSY,,N,BF,39,41,59.7,NA,77.6,NA,Walking,NA,Emed,549,321,,,,,,,134,139,,,,,234,116,,,,,363,296,,,,,,,,,,,,
661,Ribeiro,2011,PREGNANCY,TRI_1,PREG,BF,6,100,32,NA,NA,NA,Walking,SS,Pedar,,,,,,,236.2,46.5,107,42.2,,,,,,,314,87.9,315.2,90.9,,,,,381.6,87.2,,,,,,,,
661,Ribeiro,2011,PREGNANCY,TRI_2,PREG,BF,6,100,32,NA,NA,NA,Walking,SS,Pedar,,,,,,,256.4,41.9,134.9,54.12,,,,,,,318.7,83.3,319.2,84.2,,,,,379.2,92.3,,,,,,,,
661,Ribeiro,2011,PREGNANCY,TRI_3,PREG,BF,6,100,32,NA,NA,NA,Walking,SS,Pedar,,,,,,,249.3,30,99.9,33.5,,,,,,,260.4,104.4,270.6,95.5,,,,,361.4,114,,,,,,,,
673,Chung,2011,HEALTHY,,SPEED,BF,15,0,39.4,1.67,66.9,23.9,Walking,1.065,FootScan,,,,,324.9,125.1,183,81.2,78.2,41.2,,,,,274.1,73.2,,,,,194.9,71.2,,,149.8,99.8,,,,,,,,
673,Chung,2011,HEALTHY,,SPEED,BF,15,100,37.5,1.58,58.2,23.1,Walking,1.071,FootScan,,,,,266.7,142.7,152.6,109.1,79.3,44.1,,,,,268.6,120.1,,,,,143.1,59.9,,,122.2,61.2,,,,,,,,
673,Chung,2011,HEALTHY,,SPEED,BF,30,50,38.5,1.62,62.5,23.5,Walking,0.854,FootScan,,,,,265.8,123.3,160.4,90.4,69.2,38.9,,,,,244.4,83.9,,,,,152.6,61.5,,,114.2,54.7,,,,,,,,
673,Chung,2011,HEALTHY,,SPEED,BF,30,50,38.5,1.62,62.5,23.5,Walking,1.068,FootScan,,,,,292.9,138.9,170.2,112.3,71.5,42,,,,,256.2,78.9,,,,,155.5,58,,,130.3,73.8,,,,,,,,
673,Chung,2011,HEALTHY,,SPEED,BF,30,50,38.5,1.62,62.5,23.5,Walking,1.28,FootScan,,,,,304.4,148.8,172.4,97.6,83.2,40.8,,,,,276.5,104,,,,,168.4,69.4,,,126.2,74.8,,,,,,,,
673,Chung,2011,HEALTHY,,SPEED,BF,30,50,38.5,1.62,62.5,23.5,Walking,1.49,FootScan,,,,,320.2,135.9,168.2,90.6,91.2,46.4,,,,,308.5,117.4,,,,,199.4,84.6,,,173.3,112.2,,,,,,,,
676,Munteanu,2011,MTPJ_OA,,N,BF,75,37.3,53.7,1.72,80.4,27,Walking,NA,MatScan,,,,,,,291.3,77.4,93.2,45.1,,,,,295.2,69.6,,,,,220.6,78.4,130.4,47.1,208.8,68.6,325.6,75.5,,,,,,
676,Munteanu,2011,MTPJ_OA,,N,BF,76,36.8,55.3,1.71,80.3,27.2,Walking,NA,MatScan,,,,,,,276.5,82.4,95.1,62.8,,,,,252,87.3,,,,,205.9,67.6,119.6,46.1,196.1,68.6,309.8,81.3,,,,,,
685,Mickle,2011,HALLUX_VALGUS,,N,BF,36,52,71.9,NA,NA,27.6,Walking,1.03,Emed,,,,,,,,,,,,,,,,,,,,,493.4579439,246.728972,228.0373832,153.271028,605.6074766,366.3551402,642.9906542,310.2803738,478.5046729,201.8691589,272.8971963,168.2242991,325.2336449,209.3457944
685,Mickle,2011,HEALTHY,,N,BF,36,52,71.9,NA,NA,27.6,Walking,1,Emed,,,,,,,,,,,,,,,,,,,,,437.3831776,239.2523364,183.1775701,93.45794393,396.2616822,235.5140187,456.0747664,209.3457944,396.2616822,134.5794393,265.4205607,82.24299065,261.682243,190.6542056
685,Mickle,2011,LT_DEF,,N,BF,71,41,73.2,NA,NA,28.8,Walking,1.01,Emed,,,,,,,,,,,,,,,,,,,,,422.4299065,269.1588785,284.1121495,216.8224299,485.9813084,291.588785,609.3457944,287.8504673,478.5046729,194.3925234,272.8971963,149.5327103,287.8504673,231.7757009
685,Mickle,2011,HEALTHY,,N,BF,71,41,73.1,NA,NA,28.4,Walking,1,Emed,,,,,,,,,,,,,,,,,,,,,411.2149533,235.5140187,183.1775701,100.9345794,403.7383178,254.2056075,444.8598131,205.6074766,392.5233645,157.0093458,269.1588785,93.45794393,284.1121495,205.6074766
686,Allet,2011,HEALTHY,,N,BF,18,38,22.4,1.77,NA,22.2,Walking,1.3,Emed,,,116.8,34.1,,,,,,,,,,,404.3,80.8,,,,,440,208.2,181.4,88.9,271.2,96.9,345.6,90.4,336.8,96.8,213.9,70.7,159.3,97.6
690,Riddiford-Harland,2011,HEALTHY,,N,BF,252,55.5,8.1,1.31,33.7,19.1,Walking,SS,Emed,,,,,224.2,79.3,224.6,93.4,,,58.3,31.8,75.8,38.6,,,319.6,112.8,265.7,79.8,249,14.9,115.9,58.4,178.5,63.9,,,,,,,,
709,Schuh,2011,ANKLE_ARTHRO,,N,BF,21,66.6,60,1.69,80.3,28.2,Walking,SS,Emed,595,285.4,,,,,,,,,138.4,61.4,167.4,71.6,352.3,155.8,,,,,,,,,,,,,,,,,,
725,Ko,2011,DIABETES,,N,BF,9,22,68.7,1.62,79.6,31.1,Walking,0.94,HR Mat,,,,,,,,,,,,,,,,,,,,,,,,,,,,,,,,,,
725,Ko,2011,HEALTHY,,N,BF,9,22,72.3,1.61,70.3,25.8,Walking,1.17,HR Mat,,,,,,,,,,,,,,,,,,,,,,,,,,,,,,,,,,
726,Pataky,2011,HEALTHY,,N,BF,104,62,32.2,1.75,71.9,23.1,Walking,SS,Emed,,,,,436.7,129.5,,,,,,,,,356.2,80.7,,,,,354.1,144,,,,,,,,,,,,
744,Hirschmüller,2010,CALC_FX,,N,BF,60,28,50.5,1.73,76.9,25.5,Walking,0.99,Emed,,,,,423.3009709,203.236246,488.02589,230.420712,211.0032362,187.7022654,,,,,323.6245955,139.8058252,,,,,,,,,346.9255663,217.4757282,,,,,,,,
754,Kaipel,2010,METATARSALGIA,,N,BF,46,67,53.6,NA,NA,NA,Walking,SS,Emed,,,,,,,,,,,,,,,,,,,,,,,,,314.87,214.71,505.49,220.34,406.4,119.96,,,,
754,Kaipel,2010,HEALTHY,,N,BF,45,64,52.2,NA,NA,NA,Walking,SS,Emed,,,,,,,,,,,,,,,,,,,,,,,,,353.57,201.05,448.83,206.44,404.08,168.47,,,,
762,Bosch,2010,HEALTHY,,AGE,BF,36,55,1.2,0.78,10.5,17.3,Walking,SS,Emed,78.2,18,,,,,,,71.1,13.95,,,,,96.5,24.5,,,,,125,39.55,47.8,17.4,,,,,,,,,,
762,Bosch,2010,HEALTHY,,AGE,BF,36,55,1.45,0.81,11.5,17.5,Walking,SS,Emed,100.5,23.975,,,,,,,75,14.4,,,,,115,54.85,,,,,125,42.575,53.2,26.325,,,,,,,,,,
762,Bosch,2010,HEALTHY,,AGE,BF,36,55,1.7,0.84,12.2,16.9,Walking,SS,Emed,105.6,21.5,,,,,,,73.9,18.9,,,,,130,39.05,,,,,117.1,50.55,49,16.2,,,,,,,,,,
762,Bosch,2010,HEALTHY,,AGE,BF,35,55,1.9,0.87,12.9,16.9,Walking,SS,Emed,108.1,18.125,,,,,,,70,14,,,,,131.5,43.925,,,,,123.4,42.325,56,19.825,,,,,,,,,,
762,Bosch,2010,HEALTHY,,AGE,BF,36,55,2.2,0.9,13.4,16.5,Walking,SS,Emed,112.8,21.975,,,,,,,71.6,14.2,,,,,136.5,42.35,,,,,128.9,38.2,50.5,20.425,,,,,,,,,,
762,Bosch,2010,HEALTHY,,AGE,BF,36,55,2.7,0.95,14.6,16.2,Walking,SS,Emed,125,22.975,,,,,,,66.1,22.2,,,,,169,49.525,,,,,138.5,46.525,53.5,17.825,,,,,,,,,,
762,Bosch,2010,HEALTHY,,AGE,BF,35,55,3.2,0.99,15.7,16,Walking,SS,Emed,137.8,24.75,,,,,,,72,13.425,,,,,187.5,47.625,,,,,154.4,50,65.5,22.85,,,,,,,,,,
762,Bosch,2010,HEALTHY,,AGE,BF,36,55,3.7,1.03,16.8,15.8,Walking,SS,Emed,143.5,26.3,,,,,,,66,10.875,,,,,200.5,51.225,,,,,144.5,64.375,67,31.5,,,,,,,,,,
762,Bosch,2010,HEALTHY,,AGE,BF,36,55,4.2,1.06,18.1,15.9,Walking,SS,Emed,154,33.275,,,,,,,66.5,16.85,,,,,212,55.075,,,,,164,56.125,80.5,27.2,,,,,,,,,,
762,Bosch,2010,HEALTHY,,AGE,BF,35,55,4.7,1.09,18.9,15.6,Walking,SS,Emed,164.5,40.225,,,,,,,65,15.825,,,,,243,57.075,,,,,180,56.675,86.3,38.2,,,,,,,,,,
762,Bosch,2010,HEALTHY,,AGE,BF,35,55,5.2,1.13,20.4,15.9,Walking,SS,Emed,183.5,39.05,,,,,,,63.5,16.425,,,,,246,64.025,,,,,190.5,63.325,96,39.375,,,,,,,,,,
762,Bosch,2010,HEALTHY,,AGE,BF,36,55,5.7,1.17,21.8,16,Walking,SS,Emed,197.5,42.575,,,,,,,65,24.15,,,,,285.5,73.825,,,,,203,68.7,109,46.475,,,,,,,,,,
762,Bosch,2010,HEALTHY,,AGE,BF,36,55,6.2,1.2,23.8,16.4,Walking,SS,Emed,230.5,60.05,,,,,,,73.5,25.825,,,,,359,96.75,,,,,250,63.775,128,53.025,,,,,,,,,,
762,Bosch,2010,HEALTHY,,AGE,BF,35,55,7.2,1.27,26.6,16.4,Walking,SS,Emed,247,68.3,,,,,,,73.5,27.975,,,,,369.5,91.9,,,,,282,75.1,153,52.175,,,,,,,,,,
762,Bosch,2010,HEALTHY,,AGE,BF,36,55,8.1,1.33,29.7,16.7,Walking,SS,Emed,251.5,64.025,,,,,,,70.5,28.15,,,,,335.5,111.425,,,,,245,82.375,125,49.9,,,,,,,,,,
762,Bosch,2010,HEALTHY,,AGE,BF,35,55,9.2,1.38,32.9,17.1,Walking,SS,Emed,263.5,92.65,,,,,,,73.5,24.475,,,,,379.5,97.925,,,,,253,92.425,131,53.125,,,,,,,,,,
762,Bosch,2010,HEALTHY,,AGE,BF,36,55,10.2,1.45,37.1,17.5,Walking,SS,Emed,291,82.625,,,,,,,73,26.425,,,,,348,99.475,,,,,267.5,103.775,149.5,49.65,,,,,,,,,,
769,Yavuz,2010,RA,,N,BF,9,88,53.2,NA,NA,32.3,Walking,SS,Custom,,,,,460,178.2,243.7,82,,,,,,,,,,,,,369.1,181.7,148.1,68.9,337.6,183.1,,,,,,,,
769,Yavuz,2010,HEALTHY,,N,BF,14,64,53.6,NA,NA,24.6,Walking,SS,Custom,,,,,432.2,100.6,219.2,72.2,,,,,,,,,,,,,293.6,110.6,115.9,50.3,283,86.8,,,,,,,,
775,Mickle,2010,HEALTHY,,N,BF,17,0,4.4,1.07,NA,16.6,Walking,SS,Emed,182.5787402,52.36220472,,,,,,,58.56299213,13.77952756,,,,,199.8031496,71.65354331,,,,,175.6889764,68.8976378,104.0354331,48.91732283,,,,,,,,,,
775,Mickle,2010,HEALTHY,,N,BF,16,100,4.2,1.04,NA,16,Walking,SS,Emed,165.3543307,59.94094488,,,,,,,57.18503937,19.29133858,,,,,199.1141732,58.56299213,,,,,208.0708661,89.56692913,97.14566929,35.13779528,,,,,,,,,,
780,Zammit,2010,HEALTHY,,N,BF,30,40,28.2,1.74,72.1,23.7,Walking,SS,MatScan,,,,,,,2221,406.9,932.2,357.9,,,,,2535,431.5,,,,,1804,416.8,1005,328.5,1681,441.2,2618,353,,,,,,
781,Monteiro,2010,HEALTHY,,N,BF,61,100,59.23,1.54,69.49,29.21,Walking,SS,FootScan,,,,,,,,,30.7,21.1,,,,,,,187.4,49.1,180.3,53.2,99.7,52.6,46.7,37.4,143.7,77.4,207.2,75,214.2,78.9,141.9,64,88.2,58.8
781,Monteiro,2010,HEALTHY,,N,BF,60,100,55.36,1.55,65.65,27.34,Walking,SS,FootScan,,,,,,,,,30.9,21.8,,,,,,,185.2,65.4,182.8,59,100.7,43.1,43.4,31.3,140,66.8,214.3,79.4,200.3,73,124.3,49.5,88.5,53.6
805,Hetsroni,2010,STRESS_FX,,N,BF,10,NA,21,NA,NA,24,Walking,SS,Emed,,,,,,,,,139,46,,,,,331,65,,,,,242,97,160,94,251,61,411,140,423,190,309,119,164,49
805,Hetsroni,2010,HEALTHY,,N,BF,10,NA,24,NA,NA,23.3,Walking,SS,Emed,,,,,,,,,137,47,,,,,351,92,,,,,267,115,158,61,194,64,463,101,456,64,394,114,288,154
822,Chevalier,2010,HEALTHY,,N,BF,21,57,49.52,1.69,82.02,NA,Walking,SS,MatScan,113.4,15.6,,,,,,,59.5,19.9,,,,,131.5,21.6,,,,,,,,,,,,,,,,,,
826,Jeans,2010,CLUBFOOT,,N,BF,30,NA,NA,NA,NA,NA,Walking,SS,Emed,,,102,66,,,106,48,,,44,26,162,63,,,,,,,,,,,44,26,91,37,,,,,,
826,Jeans,2010,HEALTHY,,N,BF,20,NA,NA,NA,NA,NA,Walking,SS,Emed,,,250,82,,,208,64,,,75,20,79,18,,,,,,,,,,,75,20,147,49,,,,,,
832,Owings,2010,DIABETES,NEUROPATHY,N,BF,49,22,62.9,1.77,88.1,NA,Walking,SS,Emed,,,,,,,537,347,,,,,,,,,,,,,486,242,,,664,342,,,,,,,,
833,D'Aout,2010,HEALTHY,,N,BF,16,56,24.9,1.74,65.35,NA,Walking,SS,FootScan,,,,,,,,,58.29596413,44.84304933,,,,,597.9073244,215.2466368,,,,,288.490284,153.961136,,,,,420.0298954,221.22571,355.754858,149.4768311,,,150.9715994,164.4245142
836,Salekzamani,2009,LEPROSY,,N,BF,10,20,66.57,1.72,72.3,NA,Walking,NA,Emed,810.65,183.5,,,,,,,,,,,,,257.89,83.44,,,,,,,,,,,,,,,,,,
836,Salekzamani,2009,HEALTHY,,N,BF,10,20,63.72,1.78,75.18,NA,Walking,NA,Emed,723.53,43.31,,,,,,,,,,,,,600.86,46.17,,,,,,,,,,,,,,,,,,
842,Carter,2009,HEALTHY,,N,BF,20,75,29.65,1.68,64.68,NA,Walking,SS,WinPod,,,,,,,222.7272727,41.14420063,81.73981191,34.56112853,,,,,215.0470219,43.88714734,,,,,228.2131661,66.37931034,132.7586207,59.79623824,189.8119122,42.24137931,252.3510972,49.92163009,,,,,,
860,Foss,2009,HEALTHY,LOW_LAXITY,N,BF,87,100,16.1,1.61,57.3,NA,Walking,SS,Emed,,,,,,,391.6,158.3,,,78.5,28.6,103.6,57.1,,,,,,,,,,,275.8,123,427.1,178.4,,,,,,
860,Foss,2009,HEALTHY,HIGH_LAXITY,N,BF,27,100,16.6,1.62,63,NA,Walking,SS,Emed,,,,,,,431.5,116.5,,,105.7,43.5,121,38.2,,,,,,,,,,,338.9,141.5,527.3,203.5,,,,,,
864,Bosch,2009,HEALTHY,,N,BF,26,73,1.3,0.75,10.2,NA,Walking,SS,Emed,76.35,16.06,,,,,,,72.69,12.69,,,,,108.6,31.49,,,,,129.13,42.08,42.92,19.9,,,,,,,,,,
864,Bosch,2009,HEALTHY,,N,BF,26,73,7,1.25,25.5,NA,Walking,SS,Emed,256.15,86.14,,,,,,,82.81,27.02,,,,,383.5,115.56,,,,,272.92,84.53,143.5,62.84,,,,,,,,,,
864,Bosch,2009,HEALTHY,,N,BF,26,73,31.9,1.74,69.5,NA,Walking,SS,Emed,548.14,234.37,,,,,,,89.04,27.77,,,,,352.63,57.12,,,,,426.77,183.9,203.96,98.89,,,,,,,,,,
864,Bosch,2009,HEALTHY,,N,BF,26,73,68.7,1.68,73,NA,Walking,SS,Emed,690.31,251.83,,,,,,,125.12,39.47,,,,,375.46,110.11,,,,,470.19,283.52,239.92,94.66,,,,,,,,,,
883,Sinclair,2009,CLUBFOOT,PONSETI,N,BF,20,35,3.1,NA,NA,NA,Walking,SS,Emed,,,,,,,101,30.8,,,133.8,52.4,94.1,16.8,,,130,43,149.6,40.1,113.3,19.8,58.8,16.9,87.7,20.4,67.5,33.5,,,,,,
883,Sinclair,2009,HEALTHY,,N,BF,20,35,3.1,NA,NA,NA,Walking,SS,Emed,,,,,,,100.4,17.4,,,176.7,82.7,79.6,14.2,,,149.2,54.5,215.8,71.5,96.9,21.5,73.3,32.6,85.8,19,110.6,44.8,,,,,,
887,Bacarin,2009,HEALTHY,,N,BF,20,65,48.7,NA,NA,24.3,Walking,1.075,Pedar,,,347.5,88.4,,,328.8,67.5,139.4,76.4,,,,,337.4,95.9,,,,,306.8,110.7,,,,,,,,,,,,
887,Bacarin,2009,DIABETES,NEUROPATHY,N,BF,17,53,54.7,NA,NA,26.1,Walking,1.06,Pedar,,,365.4,93.7,,,367.7,89.2,205.3,118.6,,,,,342.1,76.9,,,,,305.6,111.7,,,,,,,,,,,,
887,Bacarin,2009,DIABETES,NEUROPATHY,N,BF,10,20,58.2,NA,NA,27,Walking,0.95,Pedar,,,351.6,92.5,,,367.2,86.2,290.7,151.5,,,,,342.3,119.1,,,,,269.6,136.7,,,,,,,,,,,,
891,Savelberg,2009,DIABETES,NEUROPATHY,N,BF,8,90,68.9,1.73,84.1,24.7,Walking,1.4,Emed,,,,,,,484.1201717,257.5107296,,,92.70386266,48.06866953,127.0386266,20.60085837,,,343.3476395,120.1716738,346.7811159,120.1716738,387.9828326,188.8412017,133.9055794,78.96995708,460.0858369,298.7124464,580.2575107,326.1802575,,,,,,
891,Savelberg,2009,DIABETES,,N,BF,10,70,60.5,1.67,81.3,29.2,Walking,1.4,Emed,,,,,,,305.5793991,82.40343348,,,123.6051502,61.80257511,168.2403433,54.93562232,,,439.4849785,140.7725322,470.3862661,164.806867,288.4120172,113.304721,151.0729614,85.83690987,343.3476395,188.8412017,367.3819742,99.57081545,,,,,,
891,Savelberg,2009,HEALTHY,,N,BF,10,80,72.4,1.7,71.5,28,Walking,1.4,Emed,,,,,,,370.8154506,151.0729614,,,103.0042918,78.96995708,109.8712446,58.36909871,,,422.3175966,144.2060086,398.2832618,106.4377682,360.5150215,137.3390558,144.2060086,51.50214592,346.7811159,185.4077253,401.7167382,140.7725322,,,,,,
901,Diezi,2009,SUBTAL_ARTHROD,,N,BF,12,50,45.3,NA,NA,NA,Walking,SS,Emed,,,,,,,,,142.5339367,36.65158371,,,,,248.4162896,101.8099548,,,,,366.5158371,228.0542986,179.1855204,109.9547511,276.9230769,154.7511312,297.2850679,199.5475113,289.1402715,126.2443439,289.1402715,130.3167421,297.2850679,223.9819005
901,Diezi,2009,HEALTHY,,N,BF,29,NA,36.4,NA,65.8,NA,Walking,SS,Emed,,,,,,,,,109.9547511,36.65158371,,,,,439.8190045,130.3167421,,,,,521.2669683,171.040724,272.8506787,105.8823529,427.60181,191.4027149,537.5565611,244.3438914,366.5158371,101.8099548,219.9095023,89.59276018,158.8,85.5
905,Gurney,2008,HEALTHY,,N,BF,9,0,22.6,NA,NA,29.18,Walking,SS,Emed,,,,,511.7,161.1,478.3,163.8,,,115.2,35.4,135.1,29.9,,,394.7,74.4,369.3,67.8,455.6,196.3,262.8,139.1,261.3,92.3,,,,,,,,
905,Gurney,2008,HEALTHY,,N,BF,7,0,21.9,NA,NA,29.57,Walking,SS,Emed,,,,,608.3,172.1,531.4,219.5,,,117.7,54.2,189.1,103.7,,,426.4,102.9,413,110.8,388.6,278.3,149.6,75.5,301.6,86.4,,,,,,,,
905,Gurney,2008,HEALTHY,,N,BF,12,0,22.25,NA,NA,30.75,Walking,SS,Emed,,,,,658.5,295,516.2,208.4,,,127.8,38.2,167,51.4,,,405.3,148.6,381.6,137.1,346.9,155.5,178.5,109.9,355.3,138,,,,,,,,
908,Guldemond,2008,DIABETES,,N,BF,49,61,54.2,NA,NA,28.6,Walking,SS,Emed,,,,,,,,,,,,,,,,,,,,,455,264,,,308,138,475,226,429,168,288,102,224,147
908,Guldemond,2008,DIABETES,NEUROPATHY,N,BF,44,66,62.8,NA,NA,30.7,Walking,SS,Emed,,,,,,,,,,,,,,,,,,,,,405,257,,,481,313,551,271,462,202,311,149,312,238
910,Filippin,2008,HEALTHY,OBESE,N,BF,10,NA,9.7,1.46,61,28.4,Walking,1.2,Pedar,,,,,,,,,169.6,42.3,,,,,,,,,,,,,,,,,,,,,,,,
910,Filippin,2008,HEALTHY,,N,BF,10,NA,9.6,1.41,32.1,15.8,Walking,1.2,Pedar,,,,,,,,,121.5,35,,,,,,,,,,,,,,,,,,,,,,,,
911,Walters,2008,HEALTHY,,N,BF,32,31,22.13,1.73,69.59,NA,Walking,SS,Emed,,,,,369.8,87,304.8,78.2,,,100,45.2,113,37.6,,,372,85.8,340.6,69.3,441.7,174.2,146.2,62.1,285.6,154.8,,,,,,,,
922,Mueller,2008,HEALTHY,,N,BF,12,58,55,NA,91.5,30.6,Walking,1.14,Emed,739,268,,,,,,,,,,,,,325,68,,,,,,,,,,,,,,,,,,
922,Mueller,2008,DIABETES,NEUROPATHY,N,BF,12,50,54,NA,105,34.1,Walking,0.95,Emed,988,215,,,,,,,,,,,,,387,105,,,,,,,,,,,,,,,,,,
937,Zammit,2008,HEALTHY,,N,BF,20,70,74.8,1.62,73.2,27.6,Walking,SS,MatScan,,,,,,,156.9,39.2,78.4,29.4,,,,,205.9,39.2,,,,,127.4,29.4,68.6,19.6,166.7,49,225.5,39.2,,,,,,
937,Zammit,2008,MTPJ_OA,,N,BF,20,70,76.6,1.64,78.7,29.2,Walking,SS,MatScan,,,,,,,147.1,58.8,88.2,49,,,,,225.5,58.8,,,,,156.9,29.4,88.2,19.6,176.5,39.2,215.7,49,,,,,,
947,Turner,2008,HEALTHY,,N,BF,53,62,55.2,NA,NA,26.3,Walking,1.25,Emed,556,223,,,,,,,,,,,,,,,,,,,,,,,,,,,,,,,,
947,Turner,2008,RA,FF_DEF,N,BF,12,58,57.8,NA,NA,23.5,Walking,0.97,Emed,927,403,,,,,,,,,,,,,,,,,,,,,,,,,,,,,,,,
947,Turner,2008,RA,RF_DEF,N,BF,10,80,53.8,NA,NA,26.1,Walking,0.9,Emed,631,519,,,,,,,,,,,,,,,,,,,,,,,,,,,,,,,,
959,Solano,2008,DIABETES,NEUROPATHY,N,BF,35,63,60.8,NA,86.6,28.4,Walking,SS,Emed,699.6,323.1,,,,,,,158.2,127.3,,,,,398.1,178.3,,,,,,,,,450.5,276.2,406.7,215.1,367.6,180.1,320.4,186.2,388.2,273.9
959,Solano,2008,DIABETES,NEUROPATHY,N,BF,44,52,64.2,NA,82.1,28.9,Walking,SS,Emed,464,222.6,,,,,,,137.4,92.1,,,,,296.3,101.8,,,,,,,,,381.3,265.8,345.4,170.8,338.9,137.2,268.5,169,204.3,143.2
959,Solano,2008,HEALTHY,CAUCASIAN,N,BF,33,33,56.8,NA,79.4,27,Walking,SS,Emed,572.3,185.7,,,,,,,139.1,69.7,,,,,436.8,392.5,,,,,,,,,318.1,162.7,421.2,180.1,389.3,130.9,272.5,95.5,309.5,193.1
959,Solano,2008,HEALTHY,HISPANIC,N,BF,41,48,59.5,NA,75.8,27.6,Walking,SS,Emed,560.6,224.4,,,,,,,127.7,49.1,,,,,312.1,140.9,,,,,,,,,374.8,211.8,459.9,229.3,380.6,126.4,270.3,100.1,230.7,156.9
1003,Mickle,2008,HEALTHY,,N,BF,17,70,4.4,1.08,NA,15.7,Walking,SS,Emed,170.5263158,44.64114362,,,,,,,52.33082707,13.02033355,,,,,189.924812,68.82176307,,,,,190.8270677,53.94138187,101.5037594,35.34090536,,,,,,,,,,
1003,Mickle,2008,HEALTHY,OBESE,N,BF,17,70,4.4,1.08,NA,18.5,Walking,SS,Emed,168.2706767,39.06100066,,,,,,,64.06015038,9.300238253,,,,,195.7894737,50.22128657,,,,,211.5789474,74.40190603,120.4511278,57.66147717,,,,,,,,,,
1054,Scott,2006,HEALTHY,,N,BF,50,52,20.9,1.72,68.5,23.1,Walking,SS,MatScan,,,,,,,166.7,40.2,69.6,37.3,,,,,229.5,37.3,,,,,151,34.3,71.5,26.4,163.7,40.2,232.4,32.4,,,,,,
1054,Scott,2006,HEALTHY,,N,BF,50,52,80.2,1.62,68.8,25.9,Walking,SS,MatScan,,,,,,,139.3,45.1,50,61.8,,,,,193.2,48.1,,,,,122.5,38.2,70.6,29.4,164.7,47.1,206.9,51.9,,,,,,
1063,Mittal,2006,HALLUX_VALGUS,,N,BF,19,100,49.7,NA,NA,NA,Walking,SS,Emed,,,,,,,,,,,,,,,,,,,,,675,295,,,,,,,,,,,,
1079,Kul-Panza,2006,KNEE_OA,,N,BF,48,88,62.1,NA,75.8,NA,Walking,SS,PDM-S,288.5,63.6,,,,,,,116.7,42.1,,,,,204.8,72.1,,,,,,,,,,,,,,,,,,
1079,Kul-Panza,2006,HEALTHY,,N,BF,30,93,58.3,NA,70.2,NA,Walking,SS,PDM-S,323.3,89.4,,,,,,,109.3,43,,,,,203,42,,,,,,,,,,,,,,,,,,
1082,Brodsky,2006,HALLUX_VALGUS,,N,BF,32,90,41.7,NA,NA,NA,Walking,SS,Emed-1,,,,,,,,,,,,,,,,,,,,,93.5,37.5,,,204.2,134.4,76,56,,,,,,
1090,Orendurff,2005,DIABETES,,N,BF,27,NA,66.3,1.73,95,NA,Walking,SS,Emed,591,185,,,,,,,,,,,,,,,,,,,,,,,,,,,,,,,,
1091,Willems,2005,HEALTHY,,N,BF,400,40,18.4,NA,NA,NA,Running,3.3,FootScan,,,,,,,,,,,,,,,,,,,,,,,,,,,,,,,,,348.6,188.5
1101,Stebbins,2005,HEALTHY,,N,BF,12,NA,9.9,NA,NA,NA,Walking,SS,Custom,,,,,,,,,,,,,,,,,,,,,,,,,,,,,,,,,,
1118,Giacomozzi,2005,HEALTHY,,N,BF,21,30,56.6,NA,NA,25,Walking,SS,Emed,396,97,,,,,,,,,,,,,289,83,,,,,,,,,,,,,,,,,,
1122,Lyon,2005,TAR_COL_EX,,N,BF,11,27,NA,NA,NA,NA,Walking,SS,Emed,,,,,,,,,133.8,58,,,,,,,,,,,372.7,25,,,260.6,74,,,,,,,,
1122,Lyon,2005,HEALTHY,,N,BF,11,NA,NA,NA,NA,NA,Walking,SS,Emed,,,,,,,,,68.1,28,,,,,,,,,,,279.6,131,,,164.8,85,,,,,,,,
1123,Bus,2005,DIABETES,NEUROPATHY,STEP,BF,14,57,58.6,NA,NA,NA,Walking,SS,Emed,,,,,,,559,174,130,74,,,,,402,126,,,,,418,268,162,84,415,186,,,,,,,,
1123,Bus,2005,DIABETES,NEUROPATHY,STEP,BF,14,57,58.6,NA,NA,NA,Walking,SS,Emed,,,,,,,568,171,126,59,,,,,398,119,,,,,430,215,164,76,406,186,,,,,,,,
1123,Bus,2005,DIABETES,NEUROPATHY,STEP,BF,14,57,58.6,NA,NA,NA,Walking,SS,Emed,,,,,,,561,164,111,46,,,,,394,113,,,,,437,278,169,81,423,227,,,,,,,,
1137,Burns,2005,HEALTHY,,N,BF,30,NA,31.7,NA,NA,24.3,Walking,SS,Emed,608,206,,,,,,,91,39,,,,,407,75,,,,,,,,,,,,,,,,,,
1137,Burns,2005,IDO_PES_CAVUS,,N,BF,30,NA,30.6,NA,NA,25.4,Walking,SS,Emed,698,208,,,,,,,78,52,,,,,454,87,,,,,,,,,,,,,,,,,,
1137,Burns,2005,NEUR_PES_CAVUS,,N,BF,10,NA,56.5,NA,NA,25.9,Walking,SS,Emed,645,291,,,,,,,165,154,,,,,374,95,,,,,,,,,,,,,,,,,,
1144,Schmidt,2005,LIG_REP,,N,BF,19,NA,NA,NA,NA,NA,Walking,SS,Emed,,,,,512.1,232.3,,,113.6,49.7,,,,,,,283.1,41.8,345.5,84.1,393,158.2,260.1,67.9,353.4,151.5,,,,,249.1,88.1,,
1156,Liu,2004,HEALTHY,,N,BF,66,NA,NA,NA,NA,NA,Walking,SS,Emed,,,,,223,113,,,,,44,20,63,35,,,277,122,249,100,270,149,143,80,168,93,,,,,,,140,113
1161,Birtane,2004,HEALTHY,,N,BF,25,72,48,1.6,64.3,24,Walking,SS,Emed,,,,,295,122,205,68,99,52,,,,,193,44,,,,,,,,,254,123,,,,,,,,
1161,Birtane,2004,HEALTHY,OBESE,N,BF,25,80,53,1.6,84,32.2,Walking,SS,Emed,,,,,299,128,249,152,141,87,,,,,210,76,,,,,,,,,262,150,,,,,,,,
1164,Tuna,2004,RA,,N,BF,50,76,53.4,1.62,69.5,26.4,Walking,SS,Emed,,,,,237,138,259,102,225,125,,,,,378,218,,,,,204,85,,,125,85,,,,,,,,
1164,Tuna,2004,HEALTHY,,N,BF,50,78,49.8,1.62,72.9,27.6,Walking,SS,Emed,,,,,292,113,219,88,121,75,,,,,202,62,,,,,378,154,,,258,136,,,,,,,,
1174,Dowling,2004,HEALTHY,,N,BF,10,NA,8.9,1.38,NA,16.8,Walking,NA,Emed,,,,,,,369.2005242,29.48885976,,,63.69593709,8.256880734,97.90301442,15.33420708,,,605.1114024,44.82306684,520.1834862,31.84796855,645.2162516,67.23460026,213.4993447,28.30930537,426.9986894,58.97771953,344.429882,36.56618611,,,,,,
1174,Dowling,2004,HEALTHY,OBESE,N,BF,10,NA,8.8,1.42,NA,25.8,Walking,NA,Emed,,,,,,,516.6448231,41.28440367,,,129.750983,14.15465269,159.2398427,12.9750983,,,682.9619921,42.46395806,565.0065531,31.84796855,693.5779817,79.03014417,259.5019659,31.84796855,424.6395806,42.46395806,519.0039318,47.18217562,,,,,,
1188,Lange,2004,HEALTHY,,N,BF,60,66,21.5,1.69,67,NA,Walking,1.13,Emed,,,,,352,99,284,69,,,84,36,95,29,,,314,67,297,60,372,150,128,67,251,75,,,,,,,,
1189,Bertsch,2004,HEALTHY,,AGE,BF,42,52,1.28,0.78,10.7,NA,Walking,SS,Emed,87.4,37.1,,,,,,,73.1,14.8,,,,,109.8,35.2,,,,,123.7,40.9,49.4,20,,,,,,,,,,
1189,Bertsch,2004,HEALTHY,,AGE,BF,42,52,1.53,0.81,11.6,NA,Walking,SS,Emed,102.6,26.1,,,,,,,78.2,17.4,,,,,127.2,48.7,,,,,123.5,47.4,54.1,22.6,,,,,,,,,,
1189,Bertsch,2004,HEALTHY,,AGE,BF,42,52,1.78,0.85,12.4,NA,Walking,SS,Emed,110,27.3,,,,,,,80.1,21.5,,,,,141.7,48.1,,,,,124.6,50.2,50.5,18.9,,,,,,,,,,
1189,Bertsch,2004,HEALTHY,,AGE,BF,42,52,2.03,0.88,13,NA,Walking,SS,Emed,110.9,24.8,,,,,,,74.8,16.5,,,,,143.4,46.6,,,,,133,43.5,57.3,20.5,,,,,,,,,,
1189,Bertsch,2004,HEALTHY,,AGE,BF,42,52,2.28,0.9,13.6,NA,Walking,SS,Emed,117.1,25.6,,,,,,,74.3,17.8,,,,,149.1,44.7,,,,,135.3,49.2,57.2,23.6,,,,,,,,,,
1191,Maluf,2004,DIABETES,NEUROPATHY,N,BF,14,21,54.2,NA,NA,34.1,Walking,0.77,Emed,892.4,176.6,,,,,,,,,,,,,521.7,228.9,,,,,,,,,,,,,,,,,,
1191,Maluf,2004,DIABETES,NEUROPATHY,N,BF,14,28,54.3,NA,NA,31.8,Walking,0.88,Emed,825.6,237,,,,,,,,,,,,,517.7,301.7,,,,,,,,,,,,,,,,,,
1202,Coull,2004,FLEX_HLX_LONG_TRANS,,N,BF,16,NA,61.25,NA,NA,NA,Walking,NA,Musgrave,,,,,,,,,,,,,,,,,,,,,2736,1598,,,3216,1627,1549,751.2,,,,,,
1204,Bryant,2004,HEALTHY,,N,BF,23,52,39.5,1.68,70.1,24.6,Walking,SS,Emed,,,,,,,,,,,,,,,,,,,,,438,163.4,,,285.7,108.8,406.6,155.7,351.5,112.7,239,82.6,221.9,146.2
1204,Bryant,2004,HALLUX_LIM,,N,BF,17,58,50.5,1.68,74.4,26.1,Walking,SS,Emed,,,,,,,,,,,,,,,,,,,,,500.9,265.8,,,234,99.1,366.7,110.4,373.4,97,330.2,122.5,234.4,119.8
1207,Burnfield,2003,HEALTHY,,SPEED,BF,20,50,69.5,1.7,78.5,NA,Walking,0.95,Pedar,,,,,400,120,,,,,90,40,150,80,300,80,,,,,200,100,150,90,240,100,,,,,,,200,90
1207,Burnfield,2003,HEALTHY,,SPEED,BF,20,50,69.5,1.7,78.5,NA,Walking,1.33,Pedar,,,,,430,130,,,,,80,40,130,50,370,80,,,,,230,70,200,80,260,110,,,,,,,190,80
1207,Burnfield,2003,HEALTHY,,SPEED,BF,20,50,69.5,1.7,78.5,NA,Walking,1.62,Pedar,,,,,420,120,,,,,90,60,120,40,440,100,,,,,280,110,240,110,270,140,,,,,,,180,80
1208,Davies,2003,OS_CALCIS_FX,,N,BF,12,25,45.7,NA,NA,NA,Walking,SS,MES_OPTI,,,,,,,,,,,,,,,500,325,,,,,676,596,,,586,435,529,285,468,98,409,151,494,264
1221,Mueller,2003,DIABETES,NEUROPATHY,N,BF,31,16,56.6,NA,NA,33.3,Walking,SS,Emed,892.4,176.6,,,,,,,,,,,,,521.7,228.9,,,,,,,,,,,,,,,,,,
1221,Mueller,2003,DIABETES,NEUROPATHY,N,BF,33,33,56.2,NA,NA,30.5,Walking,SS,Emed,825.6,237,,,,,,,,,,,,,517.7,301.7,,,,,,,,,,,,,,,,,,
1230,Mueller,2003,DIABETES,NEUROPATHY,N,BF,20,30,55,1.79,106,33,Walking,0.82,F-Scan,,,,,,,,,,,,,,,,,,,,,175,152,,,373,182,388,266,347,187,276,190,191,157
1230,Mueller,2003,HEALTHY,,N,BF,20,30,56,1.75,101,33,Walking,1.14,F-Scan,,,,,,,,,,,,,,,,,,,,,203,122,,,216,202,365,142,323,107,215,151,162,129
1239,Viswanathan,2003,HEALTHY,,N,BF,50,NA,50.1,NA,68.1,NA,Walking,SS,FootScan,312.4,116.9,,,,,,,,,,,,,,,,,,,,,,,,,,,,,,,,
1239,Viswanathan,2003,DIABETES,,N,BF,100,NA,52.3,NA,68.5,NA,Walking,SS,FootScan,471.3,242.3,,,,,,,,,,,,,,,,,,,,,,,,,,,,,,,,
1239,Viswanathan,2003,DIABETES,NEUROPATHY,N,BF,110,NA,54.3,NA,68.4,NA,Walking,SS,FootScan,616.5,161.6,,,,,,,,,,,,,,,,,,,,,,,,,,,,,,,,
1239,Viswanathan,2003,DIABETES,NEUROPATHY,N,BF,85,NA,51.8,NA,69.2,NA,Walking,SS,FootScan,744.4,151.6,,,,,,,,,,,,,,,,,,,,,,,,,,,,,,,,
1241,Turner,2003,RA,,N,BF,23,61,52.3,NA,NA,27.9,Walking,0.84,Emed,,,,,393,129,308,124,,,105,53,107,50,,,309,134,279,94,,,,,414,355,,,,,,,,
1241,Turner,2003,HEALTHY,,N,BF,23,61,49.5,NA,NA,25.6,Walking,1.23,Emed,,,,,429,135,333,103,,,74,34,95,44,,,343,145,322,92,,,,,319,125,,,,,,,,
1254,Eils,2002,HEALTHY,,N,BF,40,50,25.3,1.76,70.8,NA,Walking,SS,Emed,,,,,396,158,356,77,,,59,32,94,34,,,341,142,310,85,350,164,207,103,301,112,,,,,,,,
1268,Caselli,2002,DIABETES,,N,BF,20,65,50.2,NA,NA,27.9,Walking,SS,F-Scan,328.247012,175.8466135,,,,,,,,,,,,,222.1146384,91.33686067,,,,,,,,,,,,,,,,,,
1268,Caselli,2002,DIABETES,NEUROPATHY,N,BF,66,68,56.6,NA,NA,31.9,Walking,SS,F-Scan,302.4561753,178.1912351,,,,,,,,,,,,,249.1005291,134.9294533,,,,,,,,,,,,,,,,,,
1268,Caselli,2002,DIABETES,NEUROPATHY,N,BF,95,54,60.1,NA,NA,31.7,Walking,SS,F-Scan,379.8286853,241.4960159,,,,,,,,,,,,,313.4514991,209.659612,,,,,,,,,,,,,,,,,,
1268,Caselli,2002,DIABETES,NEUROPATHY,N,BF,57,86,59.7,NA,NA,28.9,Walking,SS,F-Scan,614.2908367,429.0657371,,,,,,,,,,,,,315.5273369,207.5837743,,,,,,,,,,,,,,,,,,
1276,Perry,2002,DIABETES,NEUROPATHY,N,BF,12,50,59,1.7,87,NA,Walking,SS,Custom,,,189.4409938,62.73291925,,,170.8074534,58.38509317,,,,,,,,,,,,,,,79.50310559,35.40372671,,,,,,,,,,
1282,Russo,2001,HEALTHY,,N,BF,40,60,22,NA,NA,NA,Walking,1.34,Emed,,,409,111,,,322,108,,,76,28,100,43,,,331,86,316,79,,,,,,,,,,,,,,
1285,Nurse,2001,HEALTHY,,N,BF,10,40,26.1,1.74,71.6,NA,Walking,1.5,Pedar,339.1,54,,,,,,,,,14.5,13,67.6,31,361.3,74,,,,,316,108,125.4,50,232.5,57,,,,,,,,
1289,Hutchinson,2001,HEALTHY,,N,BF,16,NA,NA,NA,NA,NA,Walking,SS,Custom,,,,,,,,,,,,,,,311,244,,,,,,,,,294,214,,,,,,,183,144
1289,Hutchinson,2001,CLUBFOOT,,N,BF,18,11,NA,NA,NA,NA,Walking,SS,Custom,,,,,,,,,,,,,,,46,84,,,,,,,,,131,231,,,,,,,665,458
1291,Luger,2001,HEALTHY,,N,BF,75,37,38,NA,73,NA,Walking,SS,Emed-1,,,,,440,180,,,160,50,,,,,330,70,,,,,340,130,200,60,300,130,,,,,,,280,120
1291,Luger,2001,DIABETES,,N,BF,189,45,63,NA,77,NA,Walking,SS,Emed-1,,,,,470,200,,,380,170,,,,,340,110,,,,,380,170,340,180,480,190,,,,,,,480,220
1291,Luger,2001,DIABETES,NEUROPATHY,N,BF,115,42,61,NA,79,NA,Walking,SS,Emed-1,,,,,510,280,,,460,190,,,,,350,130,,,,,460,270,330,90,550,260,,,,,,,490,200
1291,Luger,2001,DIABETES,NEUROPATHY,N,BF,24,38,64,NA,81,NA,Walking,SS,Emed-1,,,,,670,310,,,620,420,,,,,400,140,,,,,500,190,420,150,670,300,,,,,,,580,210
1306,Dowling,2001,HEALTHY,OBESE,N,BF,13,54,8.1,1.33,NA,25.5,Walking,SS,mini-Emed,364,130,,,,,,,,,,,,,279,63,,,,,,,,,,,,,,,,,,
1306,Dowling,2001,HEALTHY,,N,BF,13,54,8.4,1.32,NA,16.9,Walking,SS,mini-Emed,300,78,,,,,,,,,,,,,303,83,,,,,,,,,,,,,,,,,,
1308,Abouaesha,2001,DIABETES,NEUROPATHY,N,BF,157,27,61.2,NA,NA,29.3,Walking,SS,MES_OPTI,728,269,,,,,,,,,,,,,,,,,,,,,,,436,247,563,261,477,178,372,169,445,296
1309,McPoil,2001,HEALTHY,,N,BF,20,80,39.9,1.63,86.2,32.2,Walking,SS,Emed-1,,,,,533,20.2,318.4,20.5,187,51.7,,,,,,,289.7,80.9,258,53.6,443,22.7,247.4,12.2,274,14.5,,,,,,,,
1309,McPoil,2001,DIABETES,,N,BF,24,71,44.9,1.63,92.4,34.4,Walking,SS,Emed-1,,,,,518,22.1,358.4,17.3,196.1,72,,,,,,,307.3,94.1,240,84.4,442,28.9,232,11.2,370.2,20.8,,,,,,,,
1309,McPoil,2001,DIABETES,NEUROPATHY,N,BF,21,62,53.6,1.59,89.8,40.3,Walking,SS,Emed-1,,,,,616.4,21.8,367,16.9,235,68.1,,,,,,,307,84.4,259.8,72.7,431,24.7,267,16.7,399,24.6,,,,,,,,
1317,Davitt,2001,FLATFOOT,,N,BF,9,NA,14.1,NA,NA,NA,Walking,SS,Emed,,,,,,,,,,,119.8257081,84.96732026,76.25272331,34.8583878,,,379.0849673,315.9041394,165.577342,145.9694989,448.8017429,237.4727669,126.3616558,124.1830065,311.546841,198.2570806,198.2570806,104.5751634,126.3616558,74.07407407,76.25272331,63.18082789,52.2875817,50.10893246
1322,Metaxiotis,2000,CAVOVARUS,,N,BF,21,57,30,NA,NA,NA,Walking,SS,Emed,,,,,896.9,286.2,,,345.8,437.8,,,,,218.3,190,,,,,68.1,88.7,57.2,71.5,615.4,471.9,,,,,,,720,451
1336,Bryant,2000,HEALTHY,,N,BF,30,60,39.8,1.68,70.1,NA,Walking,SS,Emed,,,,,,,,,73,31,,,,,350,78,,,,,442,197,223,93,290,116,420,147,366,114,251,103,249,207
1355,Rosenbaum,1999,LAI,,N,BF,10,0,25,1.77,75.1,NA,Walking,SS,Emed-1,,,,,,,,,88.18897638,59.84251969,,,,,,,,,,,289.7637795,176.3779528,,,280.3149606,103.9370079,337.007874,122.8346457,,,,,226.7716535,154.3307087
1355,Rosenbaum,1999,LAI,,N,BF,10,0,25.1,1.74,76.1,NA,Walking,SS,Emed-1,,,,,,,,,93.58490566,-93.58490566,,,,,,,,,,,292.8301887,163.0188679,,,292.8301887,129.8113208,449.8113208,187.1698113,,,,,211.3207547,81.50943396
1360,Sauseng,1999,DIABETES,NEUROPATHY,N,BF,20,NA,57.2,NA,NA,28.9,Walking,SS,Emed-1,,,,,637.9362671,408.7000506,407.8907436,238.7455741,126.2518968,117.3495195,,,,,323.5204856,90.37261845,,,,,469.1957511,522.0030349,235.508346,178.0475468,591.8057663,457.2584724,,,,,,,,
1360,Sauseng,1999,DIABETES,NEUROPATHY,N,BF,23,NA,65.8,NA,NA,28.9,Walking,SS,Emed-1,,,,,722.9135053,326.4205024,546.8892261,260.3270949,220.3338392,195.5825325,,,,,323.5204856,116.0006744,,,,,412.7465857,281.9086157,241.5781487,152.4194908,261.6084977,130.83797,,,,,,,,
1361,McPoil,1999,HEALTHY,,GAIT,BF,10,50,NA,NA,NA,NA,Walking,SS,Emed-1,,,,,526.4,198.6,332,126.7,,,,,,,438.5,108.1,,,,,436.5,192.3,,,392.6,145.2,,,,,,,,
1361,McPoil,1999,HEALTHY,,GAIT,BF,10,50,NA,NA,NA,NA,Walking,SS,Emed-1,,,,,449.6,109.2,296.5,106.2,,,,,,,514.7,179.9,,,,,422.8,204,,,392.6,135.6,,,,,,,,
1378,Becker,1999,WATSON_JONES,,N,BF,25,0,34,1.78,81,NA,Walking,SS,Emed-1,,,,,,,,,86,38,,,,,,,484,177,448,106,428,196,205,104,327,121,448,159,374,91,266,66,181,123
1379,Armstrong,1999,,,N,BF,25,,,,,,,,,,,,,,,,,,,,,,,,,,,,,,,,,,,,,,,,,,
1399,Shaw,1998,HEALTHY,,N,BF,5,60,39.6,1.76,76.2,NA,Walking,1.05,Emed-1,350,42.5,,,,,,,92.1,62.7,,,,,354.3,99.5,,,,,,,,,,,,,,,,,,
1400,Rosenbaum,1998,EVANS_REPAIR,,N,BF,19,21,35,NA,NA,NA,Walking,SS,Emed-1,,,,,,,,,,,,,,,,,,,,,,,,,,,,,,,,,,
1407,Stess,1997,DIABETES,,N,BF,34,NA,66.6,1.71,83.7,NA,Walking,SS,Emed-1,,,,,,,,,,,,,,,,,,,,,,,,,,,,,,,,,,
1407,Stess,1997,DIABETES,NEUROPATHY,N,BF,14,NA,66,1.71,89.6,NA,Walking,SS,Emed-1,,,,,,,,,,,,,,,,,,,,,,,,,,,,,,,,,,
1407,Stess,1997,DIABETES,NEUROPATHY,N,BF,49,NA,61.7,1.79,96.1,NA,Walking,SS,Emed-1,,,,,,,,,,,,,,,,,,,,,,,,,,,,,,,,,,
